LiveSport s.r.o.;188.92.40.0/21;188.92.40.0-188.92.47.255
LiveSport s.r.o.;185.255.240.0/22;185.255.240.0-185.255.243.255
2 connect a.s.;109.205.72.0/21;109.205.72.0-109.205.79.255
2 connect a.s.;31.170.176.0/21;31.170.176.0-31.170.183.255
2 connect a.s.;188.92.96.0/21;188.92.96.0-188.92.103.255
2 connect a.s.;185.124.80.0/22;185.124.80.0-185.124.83.255
ABAK, Co.Ltd.;81.90.240.0/20;81.90.240.0-81.90.255.255
ABAK, Co.Ltd.;84.246.160.0/21;84.246.160.0-84.246.167.255
ABAK, Co.Ltd.;185.153.72.0/22;185.153.72.0-185.153.75.255
ABAK, Co.Ltd.;45.11.132.0/22;45.11.132.0-45.11.135.255
ABAK, Co.Ltd.;45.14.156.0/22;45.14.156.0-45.14.159.255
ABAK, Co.Ltd.;45.83.212.0/22;45.83.212.0-45.83.215.255
ABAK, Co.Ltd.;45.87.12.0/22;45.87.12.0-45.87.15.255
ABLE agency, s.r.o.;95.140.240.0/20;95.140.240.0-95.140.255.255
AB-NET s.r.o.;188.95.56.0/21;188.95.56.0-188.95.63.255
AB-NET s.r.o.;185.88.248.0/22;185.88.248.0-185.88.251.255
ABRATICA s. r. o.;185.138.108.0/22;185.138.108.0-185.138.111.255
ACTIVE 24, s.r.o.;45.10.97.0/24;45.10.97.0-45.10.97.255
ACTIVE 24, s.r.o.;45.148.80.0/22;45.148.80.0-45.148.83.255
Radim Pytela trading as AC Vyskov;94.199.192.0/21;94.199.192.0-94.199.199.255
Radim Pytela trading as AC Vyskov;185.131.244.0/22;185.131.244.0-185.131.247.255
AdminIT, s. r. o.;5.198.128.0/22;5.198.128.0-5.198.131.255
AdminIT, s. r. o.;185.239.216.0/22;185.239.216.0-185.239.219.255
ADV Computers s.r.o.;185.3.156.0/22;185.3.156.0-185.3.159.255
ADV Computers s.r.o.;193.35.92.0/22;193.35.92.0-193.35.95.255
Agrostroj Pelhrimov, a.s.;194.55.181.0/24;194.55.181.0-194.55.181.255
Agrostroj Pelhrimov, a.s.;194.55.182.0/24;194.55.182.0-194.55.182.255
Agrostroj Pelhrimov, a.s.;194.55.255.0/24;194.55.255.0-194.55.255.255
Agrostroj Pelhrimov, a.s.;194.56.230.0/24;194.56.230.0-194.56.230.255
Ahosting a.s.;95.215.80.0/22;95.215.80.0-95.215.83.255
AIRWAYNET, a.s.;94.230.144.0/20;94.230.144.0-94.230.159.255
AIRWAYNET, a.s.;185.224.112.0/22;185.224.112.0-185.224.115.255
AIRWEB, spol. s r.o.;185.40.80.0/22;185.40.80.0-185.40.83.255
Alberon Letohrad s.r.o;46.229.112.0/20;46.229.112.0-46.229.127.255
ALFA TELECOM s.r.o.;92.253.128.0/17;92.253.128.0-92.253.255.255
ALFA TELECOM s.r.o.;91.201.20.0/22;91.201.20.0-91.201.23.255
ALFA TELECOM s.r.o.;92.38.0.0/17;92.38.0.0-92.38.127.255
ALFA TELECOM s.r.o.;93.170.0.0/15;93.170.0.0-93.171.255.255
ALFA TELECOM s.r.o.;95.46.0.0/15;95.46.0.0-95.47.255.255
ALFA TELECOM s.r.o.;31.148.0.0/16;31.148.0.0-31.148.255.255
ALFA TELECOM s.r.o.;146.120.0.0/16;146.120.0.0-146.120.255.255
ALFA TELECOM s.r.o.;146.158.0.0/17;146.158.0.0-146.158.127.255
ALFA TELECOM s.r.o.;151.249.128.0/17;151.249.128.0-151.249.255.255
ALFA TELECOM s.r.o.;185.67.252.0/22;185.67.252.0-185.67.255.255
Altnet s.r.o.;109.71.208.0/21;109.71.208.0-109.71.215.255
Itego a.s.;185.49.188.0/22;185.49.188.0-185.49.191.255
Alza.cz a.s.;185.181.176.0/22;185.181.176.0-185.181.179.255
amccomp s.r.o.;185.59.144.0/22;185.59.144.0-185.59.147.255
amccomp s.r.o.;185.179.32.0/22;185.179.32.0-185.179.35.255
amccomp s.r.o.;185.234.132.0/22;185.234.132.0-185.234.135.255
amccomp s.r.o.;85.209.28.0/22;85.209.28.0-85.209.31.255
Bohemia Net Provider sro;5.183.12.0/22;5.183.12.0-5.183.15.255
AmigoNet s.r.o.;185.61.84.0/22;185.61.84.0-185.61.87.255
AmigoNet s.r.o.;185.219.16.0/22;185.219.16.0-185.219.19.255
AmigoNet s.r.o.;185.244.188.0/22;185.244.188.0-185.244.191.255
ANAFRA s.r.o.;185.32.160.0/22;185.32.160.0-185.32.163.255
ANECT a.s.;85.239.64.0/19;85.239.64.0-85.239.95.255
a-net Liberec s.r.o.;62.201.16.0/20;62.201.16.0-62.201.31.255
a-net Liberec s.r.o.;185.185.128.0/22;185.185.128.0-185.185.131.255
antiddos s.r.o.;188.93.113.0/24;188.93.113.0-188.93.113.255
Apelby Solutions s.r.o.;185.115.104.0/22;185.115.104.0-185.115.107.255
Apptc.me s.r.o.;130.185.176.0/21;130.185.176.0-130.185.183.255
Apptc.me s.r.o.;185.108.28.0/22;185.108.28.0-185.108.31.255
AQUA,a.s.;95.173.192.0/21;95.173.192.0-95.173.199.255
ASTANA Technologies s.r.o.;185.175.8.0/22;185.175.8.0-185.175.11.255
ASTELNET s.r.o.;89.107.128.0/21;89.107.128.0-89.107.135.255
ASTELNET s.r.o.;185.173.156.0/22;185.173.156.0-185.173.159.255
AVAST Software s.r.o.;69.94.64.0/20;69.94.64.0-69.94.79.255
AVAST Software s.r.o.;31.14.72.0/22;31.14.72.0-31.14.75.255
AVAST Software s.r.o.;37.156.184.0/22;37.156.184.0-37.156.187.255
AVAST Software s.r.o.;77.234.40.0/21;77.234.40.0-77.234.47.255
AVAST Software s.r.o.;5.45.56.0/21;5.45.56.0-5.45.63.255
AVAST Software s.r.o.;185.51.228.0/22;185.51.228.0-185.51.231.255
AVAST Software s.r.o.;185.167.64.0/22;185.167.64.0-185.167.67.255
AVAST Software s.r.o.;185.167.68.0/22;185.167.68.0-185.167.71.255
AVAST Software s.r.o.;185.189.92.0/22;185.189.92.0-185.189.95.255
Ataccama Software, s.r.o.;185.107.236.0/24;185.107.236.0-185.107.236.255
ATL Obchodni s.r.o.;46.255.8.0/21;46.255.8.0-46.255.15.255
ATL Obchodni s.r.o.;185.207.168.0/22;185.207.168.0-185.207.171.255
AVX Czech republic s.r.o;109.75.0.0/20;109.75.0.0-109.75.15.255
BECO Link,spol.s.r.o.;213.226.192.0/20;213.226.192.0-213.226.207.255
BECO Link,spol.s.r.o.;46.30.64.0/21;46.30.64.0-46.30.71.255
BECO Link,spol.s.r.o.;185.174.44.0/22;185.174.44.0-185.174.47.255
BOHEMIA ENERGY entity s.r.o.;185.95.116.0/22;185.95.116.0-185.95.119.255
Brnenske komunikace a.s.;91.201.32.0/22;91.201.32.0-91.201.35.255
Blond & Brown s.r.o.;45.140.240.0/22;45.140.240.0-45.140.243.255
Edera Group a.s.;77.236.192.0/19;77.236.192.0-77.236.223.255
Edera Group a.s.;37.44.208.0/22;37.44.208.0-37.44.211.255
Blueboard.cz s.r.o.;185.234.28.0/22;185.234.28.0-185.234.31.255
BMB-Green s.r.o.;185.170.228.0/22;185.170.228.0-185.170.231.255
AUTO GAMES PLUS a.s.;130.193.16.0/21;130.193.16.0-130.193.23.255
BOK*Net, z.s.;94.199.96.0/22;94.199.96.0-94.199.99.255
Cluster Design s.r.o.;185.205.136.0/22;185.205.136.0-185.205.139.255
Netcom Solutions s.r.o.;185.16.81.0/24;185.16.81.0-185.16.81.255
BrazdimNET s.r.o.;109.233.64.0/21;109.233.64.0-109.233.71.255
Brouzdal, s.r.o.;185.36.160.0/22;185.36.160.0-185.36.163.255
BT MEDIA INVEST s.r.o.;185.230.172.0/22;185.230.172.0-185.230.175.255
BT MEDIA INVEST s.r.o.;176.119.192.0/24;176.119.192.0-176.119.192.255
Spolek bubakov.net;185.64.40.0/22;185.64.40.0-185.64.43.255
BusinessCom CZ spol. s r.o.;109.235.200.0/21;109.235.200.0-109.235.207.255
BusinessCom CZ spol. s r.o.;5.145.144.0/21;5.145.144.0-5.145.151.255
BusinessCom CZ spol. s r.o.;185.95.200.0/22;185.95.200.0-185.95.203.255
BusinessCom CZ spol. s r.o.;185.187.200.0/22;185.187.200.0-185.187.203.255
Bydzovsky s.r.o.;5.180.200.0/22;5.180.200.0-5.180.203.255
C2NET s.r.o.;93.185.0.0/20;93.185.0.0-93.185.15.255
Cloud4com, a.s.;92.62.124.0/22;92.62.124.0-92.62.127.255
CASABLANCA INT a.s.;217.11.224.0/20;217.11.224.0-217.11.239.255
CASABLANCA INT a.s.;217.11.240.0/20;217.11.240.0-217.11.255.255
CASABLANCA INT a.s.;81.0.192.0/18;81.0.192.0-81.0.255.255
CASABLANCA INT a.s.;82.208.0.0/18;82.208.0.0-82.208.63.255
CASABLANCA INT a.s.;85.239.224.0/19;85.239.224.0-85.239.255.255
CASABLANCA INT a.s.;77.78.64.0/18;77.78.64.0-77.78.127.255
CASABLANCA INT a.s.;109.123.192.0/18;109.123.192.0-109.123.255.255
Cesky Bezdrat, s.r.o.;84.19.64.0/19;84.19.64.0-84.19.95.255
CC INTERNET s.r.o.;147.161.24.0/22;147.161.24.0-147.161.27.255
CC INTERNET s.r.o.;212.69.128.0/22;212.69.128.0-212.69.131.255
CC INTERNET s.r.o.;185.148.212.0/22;185.148.212.0-185.148.215.255
CD-Telematika a.s.;195.146.96.0/19;195.146.96.0-195.146.127.255
CD-Telematika a.s.;212.11.96.0/19;212.11.96.0-212.11.127.255
CD-Telematika a.s.;213.235.128.0/18;213.235.128.0-213.235.191.255
CD-Telematika a.s.;81.19.32.0/20;81.19.32.0-81.19.47.255
CD-Telematika a.s.;82.202.64.0/18;82.202.64.0-82.202.127.255
CD-Telematika a.s.;82.117.128.0/19;82.117.128.0-82.117.159.255
CD-Telematika a.s.;85.184.16.0/20;85.184.16.0-85.184.31.255
CD-Telematika a.s.;85.13.64.0/18;85.13.64.0-85.13.127.255
CD-Telematika a.s.;89.203.128.0/17;89.203.128.0-89.203.255.255
CD-Telematika a.s.;131.117.192.0/21;131.117.192.0-131.117.199.255
CD-Telematika a.s.;185.134.0.0/22;185.134.0.0-185.134.3.255
CENDIS, s.p.;45.87.236.0/22;45.87.236.0-45.87.239.255
Cerberos s.r.o.;81.25.16.0/20;81.25.16.0-81.25.31.255
Cerberos s.r.o.;109.234.40.0/21;109.234.40.0-109.234.47.255
Cerberos s.r.o.;185.255.116.0/22;185.255.116.0-185.255.119.255
CESAL s.r.o.;194.149.91.0/24;194.149.91.0-194.149.91.255
CESAL s.r.o.;194.149.93.0/24;194.149.93.0-194.149.93.255
CESAL s.r.o.;194.153.80.0/24;194.153.80.0-194.153.80.255
CESAL s.r.o.;194.153.95.0/24;194.153.95.0-194.153.95.255
Ceska sit s.r.o.;185.167.208.0/22;185.167.208.0-185.167.211.255
CETIN a.s.;80.74.32.0/20;80.74.32.0-80.74.47.255
CETIN a.s.;85.162.0.0/15;85.162.0.0-85.163.255.255
CETIN a.s.;194.147.12.0/22;194.147.12.0-194.147.15.255
Telco Pro Services, a. s.;89.111.64.0/18;89.111.64.0-89.111.127.255
Jiri Chalabala;185.211.192.0/22;185.211.192.0-185.211.195.255
Chceme.net s.r.o.;45.153.192.0/22;45.153.192.0-45.153.195.255
Cloud4com, a.s.;77.223.216.0/21;77.223.216.0-77.223.223.255
Cloud4com, a.s.;185.10.84.0/22;185.10.84.0-185.10.87.255
Cloud4com, a.s.;212.6.38.0/24;212.6.38.0-212.6.38.255
cloudinfrastack, s.r.o.;185.120.68.0/22;185.120.68.0-185.120.71.255
Ceskomoravske informacni systemy s.r.o.;185.219.168.0/22;185.219.168.0-185.219.171.255
Commerce Media s.r.o.;5.182.148.0/22;5.182.148.0-5.182.151.255
ComSource s.r.o.;185.45.200.0/22;185.45.200.0-185.45.203.255
COMTEX s.r.o.;185.155.32.0/22;185.155.32.0-185.155.35.255
Connect plus s.r.o.;185.140.244.0/22;185.140.244.0-185.140.247.255
CONVERSA Management s.r.o.;195.85.23.0/24;195.85.23.0-195.85.23.255
CONVERSA Management s.r.o.;185.229.206.0/24;185.229.206.0-185.229.206.255
Coolhousing s.r.o.;87.236.192.0/21;87.236.192.0-87.236.199.255
Coolhousing s.r.o.;89.187.128.0/19;89.187.128.0-89.187.159.255
Coolhousing s.r.o.;46.29.184.0/21;46.29.184.0-46.29.191.255
Coolhousing s.r.o.;91.245.16.0/21;91.245.16.0-91.245.23.255
Coolhousing s.r.o.;185.162.4.0/22;185.162.4.0-185.162.7.255
CoProSys a.s.;80.82.144.0/20;80.82.144.0-80.82.159.255
CoProSys a.s.;81.92.144.0/20;81.92.144.0-81.92.159.255
CoProSys a.s.;77.104.192.0/18;77.104.192.0-77.104.255.255
CoProSys a.s.;94.138.96.0/19;94.138.96.0-94.138.127.255
CoProSys a.s.;178.23.232.0/21;178.23.232.0-178.23.239.255
CoProSys a.s.;5.59.0.0/16;5.59.0.0-5.59.255.255
CoProSys a.s.;185.67.132.0/22;185.67.132.0-185.67.135.255
Core4Net, s.r.o.;93.91.240.0/20;93.91.240.0-93.91.255.255
Core4Net, s.r.o.;79.142.144.0/20;79.142.144.0-79.142.159.255
Core4Net, s.r.o.;185.51.28.0/22;185.51.28.0-185.51.31.255
Core4Net, s.r.o.;185.170.240.0/22;185.170.240.0-185.170.243.255
Core4Net, s.r.o.;185.180.0.0/22;185.180.0.0-185.180.3.255
CORSAT s.r.o;185.186.196.0/22;185.186.196.0-185.186.199.255
Cortex, a.s.;185.250.100.0/22;185.250.100.0-185.250.103.255
RADIOKOMUNIKACE a.s.;212.158.128.0/19;212.158.128.0-212.158.159.255
RADIOKOMUNIKACE a.s.;82.99.128.0/18;82.99.128.0-82.99.191.255
RADIOKOMUNIKACE a.s.;84.244.64.0/18;84.244.64.0-84.244.127.255
RADIOKOMUNIKACE a.s.;85.207.0.0/16;85.207.0.0-85.207.255.255
CRFreeNet, z.s.;185.133.240.0/22;185.133.240.0-185.133.243.255
Computer Systems Consulting s.r.o.;91.205.40.0/24;91.205.40.0-91.205.40.255
Czech Telecommunication Office;185.68.212.0/22;185.68.212.0-185.68.215.255
CUBESOL, s.r.o.;185.233.20.0/22;185.233.20.0-185.233.23.255
RFE/RL, Inc., organizacni slozka;91.102.96.0/21;91.102.96.0-91.102.103.255
RFE/RL, Inc., organizacni slozka;94.198.112.0/21;94.198.112.0-94.198.119.255
RFE/RL, Inc., organizacni slozka;185.45.56.0/22;185.45.56.0-185.45.59.255
CZECH IT CLUSTER, druzstvo;185.119.96.0/22;185.119.96.0-185.119.99.255
O2 Czech Republic, a.s.;194.228.0.0/19;194.228.0.0-194.228.31.255
O2 Czech Republic, a.s.;194.228.32.0/19;194.228.32.0-194.228.63.255
O2 Czech Republic, a.s.;194.228.64.0/18;194.228.64.0-194.228.127.255
O2 Czech Republic, a.s.;194.228.128.0/17;194.228.128.0-194.228.255.255
O2 Czech Republic, a.s.;80.188.0.0/16;80.188.0.0-80.188.255.255
O2 Czech Republic, a.s.;81.90.160.0/20;81.90.160.0-81.90.175.255
O2 Czech Republic, a.s.;217.117.208.0/20;217.117.208.0-217.117.223.255
O2 Czech Republic, a.s.;83.208.0.0/16;83.208.0.0-83.208.255.255
O2 Czech Republic, a.s.;160.218.0.0/16;160.218.0.0-160.218.255.255
O2 Czech Republic, a.s.;83.69.32.0/19;83.69.32.0-83.69.63.255
O2 Czech Republic, a.s.;85.160.0.0/15;85.160.0.0-85.161.255.255
O2 Czech Republic, a.s.;85.70.0.0/15;85.70.0.0-85.71.255.255
O2 Czech Republic, a.s.;85.193.0.0/18;85.193.0.0-85.193.63.255
O2 Czech Republic, a.s.;88.100.0.0/14;88.100.0.0-88.103.255.255
O2 Czech Republic, a.s.;88.83.160.0/19;88.83.160.0-88.83.191.255
O2 Czech Republic, a.s.;90.176.32.0/19;90.176.32.0-90.176.63.255
O2 Czech Republic, a.s.;90.176.64.0/18;90.176.64.0-90.176.127.255
O2 Czech Republic, a.s.;90.176.128.0/17;90.176.128.0-90.176.255.255
O2 Czech Republic, a.s.;90.177.0.0/16;90.177.0.0-90.177.255.255
O2 Czech Republic, a.s.;90.178.0.0/15;90.178.0.0-90.179.255.255
O2 Czech Republic, a.s.;90.180.0.0/14;90.180.0.0-90.183.255.255
O2 Czech Republic, a.s.;92.243.192.0/19;92.243.192.0-92.243.223.255
O2 Czech Republic, a.s.;217.194.160.0/20;217.194.160.0-217.194.175.255
O2 Czech Republic, a.s.;109.80.0.0/15;109.80.0.0-109.81.255.255
O2 Czech Republic, a.s.;37.188.128.0/17;37.188.128.0-37.188.255.255
O2 Czech Republic, a.s.;185.61.228.0/22;185.61.228.0-185.61.231.255
Cznet s.r.o.;185.102.96.0/22;185.102.96.0-185.102.99.255
Cznet s.r.o.;185.112.164.0/22;185.112.164.0-185.112.167.255
DaLuNET s.r.o.;91.205.92.0/22;91.205.92.0-91.205.95.255
DataCamp s.r.o.;89.187.160.0/19;89.187.160.0-89.187.191.255
DataCamp s.r.o.;185.93.0.0/22;185.93.0.0-185.93.3.255
Datadelivery s.r.o.;185.102.216.0/22;185.102.216.0-185.102.219.255
DataPeer s.r.o.;185.180.12.0/22;185.180.12.0-185.180.15.255
DPT s.r.o. LLC;89.190.32.0/21;89.190.32.0-89.190.39.255
DPT s.r.o. LLC;185.73.160.0/22;185.73.160.0-185.73.163.255
Dexnet s.r.o.;185.243.168.0/22;185.243.168.0-185.243.171.255
Dexus Internet s.r.o.;176.119.212.0/24;176.119.212.0-176.119.212.255
Diadema Internet s.r.o.;188.94.232.0/21;188.94.232.0-188.94.239.255
Quantcom, a.s.;194.213.224.0/19;194.213.224.0-194.213.255.255
Quantcom, a.s.;195.250.128.0/19;195.250.128.0-195.250.159.255
Quantcom, a.s.;62.44.0.0/19;62.44.0.0-62.44.31.255
Quantcom, a.s.;195.128.192.0/19;195.128.192.0-195.128.223.255
Quantcom, a.s.;212.24.128.0/19;212.24.128.0-212.24.159.255
Quantcom, a.s.;212.27.192.0/19;212.27.192.0-212.27.223.255
Quantcom, a.s.;212.80.64.0/19;212.80.64.0-212.80.95.255
Quantcom, a.s.;212.20.96.0/19;212.20.96.0-212.20.127.255
Quantcom, a.s.;213.151.64.0/19;213.151.64.0-213.151.95.255
Quantcom, a.s.;195.122.192.0/19;195.122.192.0-195.122.223.255
Quantcom, a.s.;213.175.32.0/19;213.175.32.0-213.175.63.255
Quantcom, a.s.;62.4.96.0/21;62.4.96.0-62.4.103.255
Quantcom, a.s.;62.4.104.0/22;62.4.104.0-62.4.107.255
Quantcom, a.s.;62.4.108.0/22;62.4.108.0-62.4.111.255
Quantcom, a.s.;62.4.112.0/20;62.4.112.0-62.4.127.255
Quantcom, a.s.;62.177.64.0/18;62.177.64.0-62.177.127.255
Quantcom, a.s.;213.191.96.0/19;213.191.96.0-213.191.127.255
Quantcom, a.s.;82.113.32.0/19;82.113.32.0-82.113.63.255
Quantcom, a.s.;82.100.0.0/18;82.100.0.0-82.100.63.255
Quantcom, a.s.;82.119.240.0/20;82.119.240.0-82.119.255.255
Quantcom, a.s.;83.148.0.0/18;83.148.0.0-83.148.63.255
Quantcom, a.s.;85.93.96.0/19;85.93.96.0-85.93.127.255
Quantcom, a.s.;88.208.64.0/18;88.208.64.0-88.208.127.255
Quantcom, a.s.;88.146.0.0/17;88.146.0.0-88.146.127.255
Quantcom, a.s.;89.235.0.0/18;89.235.0.0-89.235.63.255
Quantcom, a.s.;95.80.192.0/18;95.80.192.0-95.80.255.255
Quantcom, a.s.;109.235.176.0/21;109.235.176.0-109.235.183.255
Quantcom, a.s.;46.227.8.0/21;46.227.8.0-46.227.15.255
Quantcom, a.s.;151.237.224.0/21;151.237.224.0-151.237.231.255
Quantcom, a.s.;185.24.236.0/22;185.24.236.0-185.24.239.255
DIGITAL ACTION s.r.o.;45.155.12.0/22;45.155.12.0-45.155.15.255
Diovetech s.r.o.;192.144.56.0/22;192.144.56.0-192.144.59.255
Diovetech s.r.o.;45.135.180.0/22;45.135.180.0-45.135.183.255
Diovetech s.r.o.;45.150.36.0/22;45.150.36.0-45.150.39.255
DOBNET, z.s.;139.28.116.0/22;139.28.116.0-139.28.119.255
Jaroslav Doubrava;185.93.60.0/22;185.93.60.0-185.93.63.255
Dragon Internet a.s.;213.168.176.0/20;213.168.176.0-213.168.191.255
Dragon Internet a.s.;178.209.128.0/19;178.209.128.0-178.209.159.255
Dr. Max BDC, s.r.o.;193.43.30.0/23;193.43.30.0-193.43.31.255
Dr. Max BDC, s.r.o.;193.43.32.0/23;193.43.32.0-193.43.33.255
Ecay Networks s.r.o.;185.75.232.0/22;185.75.232.0-185.75.235.255
Economia a.s.;46.255.224.0/21;46.255.224.0-46.255.231.255
Economia a.s.;185.3.8.0/22;185.3.8.0-185.3.11.255
eHAMnet, s.r.o.;151.249.104.0/21;151.249.104.0-151.249.111.255
eHAMnet, s.r.o.;185.91.204.0/22;185.91.204.0-185.91.207.255
ELDATA prazska s.r.o.;185.91.164.0/22;185.91.164.0-185.91.167.255
ELDATA prazska s.r.o.;185.142.208.0/22;185.142.208.0-185.142.211.255
Home Credit International a.s.;185.33.156.0/22;185.33.156.0-185.33.159.255
eM Client s.r.o.;185.138.220.0/22;185.138.220.0-185.138.223.255
Emerald Real Group s.r.o.;79.133.178.0/23;79.133.178.0-79.133.179.255
Emerald Real Group s.r.o.;176.96.224.0/19;176.96.224.0-176.96.255.255
Emerald Real Group s.r.o.;176.118.208.0/20;176.118.208.0-176.118.223.255
Emerald Real Group s.r.o.;185.42.228.0/22;185.42.228.0-185.42.231.255
EMPECOM, s.r.o.;185.156.36.0/22;185.156.36.0-185.156.39.255
E.ON Telco, s.r.o.;45.135.84.0/22;45.135.84.0-45.135.87.255
AVI druzstvo;83.136.200.0/21;83.136.200.0-83.136.207.255
AVI druzstvo;185.161.240.0/22;185.161.240.0-185.161.243.255
Etnetera a.s.;185.145.160.0/22;185.145.160.0-185.145.163.255
Druzstvo EUROSIGNAL;77.240.96.0/20;77.240.96.0-77.240.111.255
Druzstvo EUROSIGNAL;185.115.8.0/22;185.115.8.0-185.115.11.255
Druzstvo EUROSIGNAL;45.15.56.0/22;45.15.56.0-45.15.59.255
Druzstvo EUROSIGNAL;45.82.156.0/22;45.82.156.0-45.82.159.255
EZE A.S.;185.38.188.0/22;185.38.188.0-185.38.191.255
Ezpada s.r.o;185.134.60.0/22;185.134.60.0-185.134.63.255
FASTER CZ spol. s r.o.;81.19.0.0/20;81.19.0.0-81.19.15.255
FASTER CZ spol. s r.o.;85.132.144.0/20;85.132.144.0-85.132.159.255
FASTER CZ spol. s r.o.;77.240.176.0/20;77.240.176.0-77.240.191.255
FASTER CZ spol. s r.o.;95.129.96.0/21;95.129.96.0-95.129.103.255
Fastport a.s.;93.190.56.0/21;93.190.56.0-93.190.63.255
Fastport a.s.;46.254.64.0/21;46.254.64.0-46.254.71.255
FDLnet.CZ, s.r.o.;149.255.64.0/19;149.255.64.0-149.255.95.255
FELDSAM s.r.o.;185.174.168.0/22;185.174.168.0-185.174.171.255
FIBER Network s.r.o.;217.28.80.0/20;217.28.80.0-217.28.95.255
FIBER Network s.r.o.;185.153.80.0/22;185.153.80.0-185.153.83.255
FIBER CONNECTIONS s.r.o.;85.209.124.0/22;85.209.124.0-85.209.127.255
FIBER TELECOM s.r.o.;146.255.24.0/21;146.255.24.0-146.255.31.255
FIBER TELECOM s.r.o.;45.159.108.0/22;45.159.108.0-45.159.111.255
FIBER TELECOM s.r.o.;185.159.89.0/24;185.159.89.0-185.159.89.255
FIXNET s.r.o.;178.248.56.0/21;178.248.56.0-178.248.63.255
FIXNET s.r.o.;185.22.236.0/22;185.22.236.0-185.22.239.255
FixPro,z.s.;185.214.116.0/22;185.214.116.0-185.214.119.255
Flowmon Networks a.s.;5.180.196.0/22;5.180.196.0-5.180.199.255
Fortion Networks, s.r.o.;185.175.84.0/22;185.175.84.0-185.175.87.255
Fortion Networks, s.r.o.;185.189.32.0/22;185.189.32.0-185.189.35.255
FORTUNA GAME a.s.;185.135.144.0/22;185.135.144.0-185.135.147.255
FORTUNA GAME a.s.;185.192.122.0/23;185.192.122.0-185.192.123.255
FORTUNA GAME a.s.;80.249.133.0/24;80.249.133.0-80.249.133.255
FORTUNA GAME a.s.;185.172.116.0/22;185.172.116.0-185.172.119.255
FORTUNA GAME a.s.;185.192.120.0/23;185.192.120.0-185.192.121.255
FORTUNA GAME a.s.;185.166.52.0/22;185.166.52.0-185.166.55.255
FOXCONN CZ s.r.o.;91.132.232.0/22;91.132.232.0-91.132.235.255
Martin Frode;185.16.251.0/24;185.16.251.0-185.16.251.255
Martin Fryzl;45.82.232.0/22;45.82.232.0-45.82.235.255
Fusion Media, s.r.o.;188.240.1.0/24;188.240.1.0-188.240.1.255
Fusion Media, s.r.o.;185.138.188.0/22;185.138.188.0-185.138.191.255
Futurenet ISP s.r.o.;185.59.120.0/22;185.59.120.0-185.59.123.255
FuturNET, s.r.o.;185.25.95.0/24;185.25.95.0-185.25.95.255
ALTOS software s.r.o.;92.119.64.0/22;92.119.64.0-92.119.67.255
G2 server CZ s.r.o.;185.155.128.0/22;185.155.128.0-185.155.131.255
GasNet, s.r.o.;89.250.96.0/21;89.250.96.0-89.250.103.255
Internet2 s.r.o.;46.253.96.0/20;46.253.96.0-46.253.111.255
GeneralNet s.r.o.;185.199.84.0/22;185.199.84.0-185.199.87.255
Jan Stetina;185.21.220.0/22;185.21.220.0-185.21.223.255
GiTy, a.s.;217.64.0.0/20;217.64.0.0-217.64.15.255
GiTy, a.s.;185.52.96.0/22;185.52.96.0-185.52.99.255
Global Tech Distribution s.r.o.;188.95.148.0/22;188.95.148.0-188.95.151.255
Global Tech Distribution s.r.o.;193.38.252.0/22;193.38.252.0-193.38.255.255
Global Tech Distribution s.r.o.;152.89.168.0/23;152.89.168.0-152.89.169.255
Global Tech Distribution s.r.o.;217.64.152.0/22;217.64.152.0-217.64.155.255
Global Tech Distribution s.r.o.;45.66.52.0/22;45.66.52.0-45.66.55.255
Global Tech Distribution s.r.o.;2.58.204.0/22;2.58.204.0-2.58.207.255
Global Tech Distribution s.r.o.;5.181.244.0/22;5.181.244.0-5.181.247.255
Global Tech Distribution s.r.o.;45.12.24.0/22;45.12.24.0-45.12.27.255
Global Tech Distribution s.r.o.;45.89.88.0/22;45.89.88.0-45.89.91.255
Global Tech Distribution s.r.o.;45.132.148.0/22;45.132.148.0-45.132.151.255
Global Tech Distribution s.r.o.;45.132.160.0/22;45.132.160.0-45.132.163.255
Global Tech Distribution s.r.o.;45.141.248.0/22;45.141.248.0-45.141.251.255
Global Tech Distribution s.r.o.;45.143.240.0/22;45.143.240.0-45.143.243.255
Global Tech Distribution s.r.o.;193.53.252.0/23;193.53.252.0-193.53.253.255
Global Tech Distribution s.r.o.;193.56.12.0/23;193.56.12.0-193.56.13.255
ACTIVE 24, s.r.o.;81.95.96.0/20;81.95.96.0-81.95.111.255
ACTIVE 24, s.r.o.;31.15.8.0/21;31.15.8.0-31.15.15.255
ACTIVE 24, s.r.o.;185.12.196.0/22;185.12.196.0-185.12.199.255
ACTIVE 24, s.r.o.;45.81.42.0/23;45.81.42.0-45.81.43.255
GLOBECORP a.s.;45.135.152.0/22;45.135.152.0-45.135.155.255
GRADACE, spol. s r.o.;93.89.144.0/20;93.89.144.0-93.89.159.255
Gransy s.r.o.;185.28.192.0/22;185.28.192.0-185.28.195.255
Gransy s.r.o.;185.38.108.0/22;185.38.108.0-185.38.111.255
Gransy s.r.o.;185.82.212.0/22;185.82.212.0-185.82.215.255
ISP Alliance a.s.;147.161.28.0/22;147.161.28.0-147.161.31.255
ISP Alliance a.s.;217.75.208.0/20;217.75.208.0-217.75.223.255
ISP Alliance a.s.;93.91.144.0/20;93.91.144.0-93.91.159.255
ISP Alliance a.s.;78.111.112.0/20;78.111.112.0-78.111.127.255
ISP Alliance a.s.;109.235.0.0/21;109.235.0.0-109.235.7.255
ISP Alliance a.s.;46.29.224.0/21;46.29.224.0-46.29.231.255
ISP Alliance a.s.;37.221.240.0/20;37.221.240.0-37.221.255.255
ISP Alliance a.s.;185.15.108.0/22;185.15.108.0-185.15.111.255
ISP Alliance a.s.;185.19.0.0/22;185.19.0.0-185.19.3.255
ISP Alliance a.s.;185.52.172.0/23;185.52.172.0-185.52.173.255
ISP Alliance a.s.;185.64.220.0/22;185.64.220.0-185.64.223.255
ISP Alliance a.s.;185.73.100.0/22;185.73.100.0-185.73.103.255
ISP Alliance a.s.;185.73.104.0/22;185.73.104.0-185.73.107.255
ISP Alliance a.s.;185.73.108.0/22;185.73.108.0-185.73.111.255
ISP Alliance a.s.;185.74.60.0/23;185.74.60.0-185.74.61.255
ISP Alliance a.s.;185.99.176.0/22;185.99.176.0-185.99.179.255
ISP Alliance a.s.;185.115.180.0/22;185.115.180.0-185.115.183.255
ISP Alliance a.s.;185.116.48.0/22;185.116.48.0-185.116.51.255
ISP Alliance a.s.;185.125.128.0/22;185.125.128.0-185.125.131.255
ISP Alliance a.s.;185.151.172.0/22;185.151.172.0-185.151.175.255
ISP Alliance a.s.;185.167.184.0/22;185.167.184.0-185.167.187.255
ISP Alliance a.s.;185.188.100.0/22;185.188.100.0-185.188.103.255
ISP Alliance a.s.;5.39.200.0/22;5.39.200.0-5.39.203.255
ISP Alliance a.s.;85.255.88.0/22;85.255.88.0-85.255.91.255
ISP Alliance a.s.;193.104.7.0/24;193.104.7.0-193.104.7.255
ISP Alliance a.s.;193.104.12.0/24;193.104.12.0-193.104.12.255
ISP Alliance a.s.;193.104.41.0/24;193.104.41.0-193.104.41.255
ISP Alliance a.s.;193.104.67.0/24;193.104.67.0-193.104.67.255
GREPA Networks s.r.o.;85.119.88.0/21;85.119.88.0-85.119.95.255
GREPA Networks s.r.o.;89.239.0.0/19;89.239.0.0-89.239.31.255
GTT a.s.;46.36.32.0/19;46.36.32.0-46.36.63.255
H17 Networks, s.r.o.;45.90.100.0/22;45.90.100.0-45.90.103.255
ha-vel internet s.r.o.;217.66.160.0/20;217.66.160.0-217.66.175.255
ha-vel internet s.r.o.;217.66.176.0/20;217.66.176.0-217.66.191.255
ha-vel internet s.r.o.;81.30.224.0/19;81.30.224.0-81.30.255.255
ha-vel internet s.r.o.;213.195.192.0/18;213.195.192.0-213.195.255.255
ha-vel internet s.r.o.;93.185.48.0/20;93.185.48.0-93.185.63.255
ha-vel internet s.r.o.;95.173.64.0/19;95.173.64.0-95.173.95.255
ha-vel internet s.r.o.;109.238.32.0/20;109.238.32.0-109.238.47.255
ha-vel internet s.r.o.;45.146.108.0/22;45.146.108.0-45.146.111.255
Happy Technik s.r.o.;185.133.56.0/22;185.133.56.0-185.133.59.255
HBO Europe s.r.o.;185.139.216.0/23;185.139.216.0-185.139.217.255
HBO Europe s.r.o.;185.130.209.0/24;185.130.209.0-185.130.209.255
HBO Europe s.r.o.;185.130.210.0/23;185.130.210.0-185.130.211.255
HBO Europe s.r.o.;185.139.218.0/23;185.139.218.0-185.139.219.255
HBO Europe s.r.o.;212.46.44.0/24;212.46.44.0-212.46.44.255
hanspaul-city.net s.r.o.;185.68.216.0/22;185.68.216.0-185.68.219.255
HCNET s.r.o.;185.124.65.0/24;185.124.65.0-185.124.65.255
H-data, spol. s r.o.;185.137.124.0/22;185.137.124.0-185.137.127.255
HelaPC s.r.o.;148.59.93.0/24;148.59.93.0-148.59.93.255
HelaPC s.r.o.;94.140.25.0/24;94.140.25.0-94.140.25.255
HelaPC s.r.o.;185.60.104.0/22;185.60.104.0-185.60.107.255
Heureka Group a.s.;185.68.68.0/22;185.68.68.0-185.68.71.255
HK expo s.r.o.;176.97.201.0/24;176.97.201.0-176.97.201.255
hkfree.org z.s.;89.248.240.0/20;89.248.240.0-89.248.255.255
hkfree.org z.s.;185.110.204.0/22;185.110.204.0-185.110.207.255
Pavel Jochim;185.158.64.0/22;185.158.64.0-185.158.67.255
HoralNET s.r.o.;185.221.124.0/22;185.221.124.0-185.221.127.255
Host-Telecom.com s.r.o.;188.124.56.0/21;188.124.56.0-188.124.63.255
Host-Telecom.com s.r.o.;176.74.216.0/21;176.74.216.0-176.74.223.255
Host-Telecom.com s.r.o.;158.255.32.0/21;158.255.32.0-158.255.39.255
Host-Telecom.com s.r.o.;5.43.224.0/21;5.43.224.0-5.43.231.255
Host-Telecom.com s.r.o.;91.241.168.0/21;91.241.168.0-91.241.175.255
Host-Telecom.com s.r.o.;185.8.56.0/22;185.8.56.0-185.8.59.255
Hostuj to s.r.o.;87.249.128.0/21;87.249.128.0-87.249.135.255
Hostuj to s.r.o.;87.249.136.0/22;87.249.136.0-87.249.139.255
Hostuj to s.r.o.;178.249.208.0/21;178.249.208.0-178.249.215.255
Hostuj to s.r.o.;185.24.8.0/22;185.24.8.0-185.24.11.255
Hostuj to s.r.o.;185.80.30.0/24;185.80.30.0-185.80.30.255
HovNet-SERVIS s.r.o.;193.108.20.0/24;193.108.20.0-193.108.20.255
HovNet-SERVIS s.r.o.;193.108.25.0/24;193.108.25.0-193.108.25.255
HovNet-SERVIS s.r.o.;193.108.26.0/24;193.108.26.0-193.108.26.255
HovNet-SERVIS s.r.o.;193.108.178.0/24;193.108.178.0-193.108.178.255
HVfree.net servis. s.r.o.;193.104.252.0/24;193.104.252.0-193.104.252.255
HVfree.net servis. s.r.o.;193.105.28.0/24;193.105.28.0-193.105.28.255
HVfree.net servis. s.r.o.;193.105.58.0/24;193.105.58.0-193.105.58.255
HVfree.net servis. s.r.o.;193.105.81.0/24;193.105.81.0-193.105.81.255
i2net cz s.r.o.;185.86.96.0/22;185.86.96.0-185.86.99.255
IceWarp Technology, s.r.o.;185.119.216.0/22;185.119.216.0-185.119.219.255
AUTOCONT a.s.;185.65.92.0/22;185.65.92.0-185.65.95.255
AUTOCONT a.s.;185.78.100.0/22;185.78.100.0-185.78.103.255
AUTOCONT a.s.;185.138.244.0/22;185.138.244.0-185.138.247.255
AUTOCONT a.s.;185.146.148.0/22;185.146.148.0-185.146.151.255
AUTOCONT a.s.;37.221.88.0/22;37.221.88.0-37.221.91.255
AUTOCONT a.s.;193.168.244.0/22;193.168.244.0-193.168.247.255
ICT Support, s.r.o.;185.228.164.0/22;185.228.164.0-185.228.167.255
igloonet, s.r.o.;185.50.228.0/22;185.50.228.0-185.50.231.255
ign.cz internet, s.r.o.;185.219.60.0/22;185.219.60.0-185.219.63.255
Webglobe, s.r.o.;217.31.48.0/20;217.31.48.0-217.31.63.255
Webglobe, s.r.o.;62.109.128.0/19;62.109.128.0-62.109.159.255
Webglobe, s.r.o.;130.193.8.0/21;130.193.8.0-130.193.15.255
Webglobe, s.r.o.;37.46.80.0/21;37.46.80.0-37.46.87.255
Webglobe, s.r.o.;171.33.136.0/21;171.33.136.0-171.33.143.255
Webglobe, s.r.o.;185.100.92.0/22;185.100.92.0-185.100.95.255
Webglobe, s.r.o.;185.102.20.0/22;185.102.20.0-185.102.23.255
Webglobe, s.r.o.;185.102.76.0/22;185.102.76.0-185.102.79.255
Webglobe, s.r.o.;185.123.128.0/22;185.123.128.0-185.123.131.255
Webglobe, s.r.o.;185.183.8.0/22;185.183.8.0-185.183.11.255
Webglobe, s.r.o.;213.109.164.0/22;213.109.164.0-213.109.167.255
METRONET s.r.o.;78.110.208.0/20;78.110.208.0-78.110.223.255
METRONET s.r.o.;95.85.192.0/18;95.85.192.0-95.85.255.255
METRONET s.r.o.;31.41.200.0/21;31.41.200.0-31.41.207.255
METRONET s.r.o.;185.24.20.0/22;185.24.20.0-185.24.23.255
INERA.CZ s.r.o.;185.160.208.0/22;185.160.208.0-185.160.211.255
INERA.CZ s.r.o.;45.129.104.0/22;45.129.104.0-45.129.107.255
inet4 s.r.o.;93.91.48.0/20;93.91.48.0-93.91.63.255
InterneXt 2000, s.r.o.;212.111.0.0/19;212.111.0.0-212.111.31.255
InterneXt 2000, s.r.o.;85.92.32.0/19;85.92.32.0-85.92.63.255
InterneXt 2000, s.r.o.;77.92.192.0/19;77.92.192.0-77.92.223.255
InterneXt 2000, s.r.o.;188.244.48.0/20;188.244.48.0-188.244.63.255
InterneXt 2000, s.r.o.;37.9.192.0/21;37.9.192.0-37.9.199.255
InterneXt 2000, s.r.o.;91.109.32.0/21;91.109.32.0-91.109.39.255
InterneXt 2000, s.r.o.;185.157.196.0/22;185.157.196.0-185.157.199.255
INFOS Art, s.r.o.;46.33.96.0/19;46.33.96.0-46.33.127.255
INFOS Art, s.r.o.;185.78.56.0/22;185.78.56.0-185.78.59.255
Infinity Telecom, s.r.o.;185.186.0.0/23;185.186.0.0-185.186.1.255
Infinity Telecom, s.r.o.;37.221.68.0/22;37.221.68.0-37.221.71.255
Infinity Telecom, s.r.o.;45.87.116.0/22;45.87.116.0-45.87.119.255
INNC s.r.o.;45.81.92.0/22;45.81.92.0-45.81.95.255
INTERCONNECT s.r.o.;185.14.232.0/22;185.14.232.0-185.14.235.255
INTERNET CZ, a.s.;195.181.208.0/20;195.181.208.0-195.181.223.255
INTERNET CZ, a.s.;81.2.192.0/18;81.2.192.0-81.2.255.255
INTERNET CZ, a.s.;185.28.100.0/22;185.28.100.0-185.28.103.255
INTERNET CZ, a.s.;185.129.136.0/22;185.129.136.0-185.129.139.255
Internet Mall, a.s.;92.43.56.0/21;92.43.56.0-92.43.63.255
Intraweb servis s.r.o.;185.159.168.0/22;185.159.168.0-185.159.171.255
IP4ISP z.s.p.o;188.120.192.0/19;188.120.192.0-188.120.223.255
IP4ISP z.s.p.o;176.62.224.0/20;176.62.224.0-176.62.239.255
IP4ISP z.s.p.o;185.172.252.0/22;185.172.252.0-185.172.255.255
Ipex Ltd.;212.71.128.0/19;212.71.128.0-212.71.159.255
Ipex Ltd.;212.71.160.0/19;212.71.160.0-212.71.191.255
Ipex Ltd.;213.168.160.0/20;213.168.160.0-213.168.175.255
Ipex Ltd.;85.132.136.0/21;85.132.136.0-85.132.143.255
Ipex Ltd.;85.132.160.0/19;85.132.160.0-85.132.191.255
Ipex Ltd.;79.127.128.0/17;79.127.128.0-79.127.255.255
Mopos Communications A.S.;212.20.64.0/19;212.20.64.0-212.20.95.255
IP Node s.r.o.;185.149.128.0/22;185.149.128.0-185.149.131.255
IP Node s.r.o.;185.161.252.0/22;185.161.252.0-185.161.255.255
IP Node s.r.o.;185.181.56.0/22;185.181.56.0-185.181.59.255
IP Node s.r.o.;185.204.16.0/22;185.204.16.0-185.204.19.255
IP Node s.r.o.;185.217.232.0/22;185.217.232.0-185.217.235.255
IP Node s.r.o.;185.220.28.0/22;185.220.28.0-185.220.31.255
IP Node s.r.o.;193.16.12.0/22;193.16.12.0-193.16.15.255
IP Node s.r.o.;194.39.68.0/22;194.39.68.0-194.39.71.255
IP Node s.r.o.;80.254.232.0/22;80.254.232.0-80.254.235.255
IP Node s.r.o.;80.254.236.0/22;80.254.236.0-80.254.239.255
IP Node s.r.o.;193.9.36.0/22;193.9.36.0-193.9.39.255
IP Node s.r.o.;193.9.40.0/22;193.9.40.0-193.9.43.255
IP Node s.r.o.;192.144.52.0/22;192.144.52.0-192.144.55.255
IP Node s.r.o.;193.187.168.0/22;193.187.168.0-193.187.171.255
IP Node s.r.o.;45.83.112.0/22;45.83.112.0-45.83.115.255
i-registry s.r.o.;37.221.116.0/22;37.221.116.0-37.221.119.255
i-registry s.r.o.;193.33.140.0/23;193.33.140.0-193.33.141.255
i-registry s.r.o.;193.33.162.0/23;193.33.162.0-193.33.163.255
Informacni sluzby energetika a.s.;185.47.176.0/22;185.47.176.0-185.47.179.255
Tomas Budai;185.154.60.0/22;185.154.60.0-185.154.63.255
ITS akciova spolecnost;94.247.32.0/21;94.247.32.0-94.247.39.255
ITS akciova spolecnost;185.21.160.0/22;185.21.160.0-185.21.163.255
It services company s.r.o.;185.73.220.0/22;185.73.220.0-185.73.223.255
It services company s.r.o.;185.149.132.0/22;185.149.132.0-185.149.135.255
It services company s.r.o.;185.213.88.0/22;185.213.88.0-185.213.91.255
It services company s.r.o.;45.84.28.0/22;45.84.28.0-45.84.31.255
Ivo Hazmuk;185.135.20.0/22;185.135.20.0-185.135.23.255
JaroNet - services s.r.o.;46.252.224.0/20;46.252.224.0-46.252.239.255
JaroNet - services s.r.o.;185.168.140.0/24;185.168.140.0-185.168.140.255
JAW.cz s.r.o.;77.95.40.0/21;77.95.40.0-77.95.47.255
JAW.cz s.r.o.;89.187.192.0/21;89.187.192.0-89.187.199.255
JAW.cz s.r.o.;185.45.136.0/22;185.45.136.0-185.45.139.255
JetBrains, s. r. o.;91.132.204.0/22;91.132.204.0-91.132.207.255
Sprintel s.r.o.;85.93.160.0/19;85.93.160.0-85.93.191.255
Sprintel s.r.o.;178.22.112.0/21;178.22.112.0-178.22.119.255
Sprintel s.r.o.;185.63.24.0/22;185.63.24.0-185.63.27.255
Sprintel s.r.o.;185.184.252.0/22;185.184.252.0-185.184.255.255
JHComp s.r.o.;178.23.216.0/21;178.23.216.0-178.23.223.255
JimmyNet s.r.o.;185.211.188.0/22;185.211.188.0-185.211.191.255
Jiri Tlapak;185.87.140.0/22;185.87.140.0-185.87.143.255
Jiri Tlapak;185.243.172.0/22;185.243.172.0-185.243.175.255
JM-Net, z.s.;185.47.220.0/22;185.47.220.0-185.47.223.255
JM-Net, z.s.;185.91.168.0/22;185.91.168.0-185.91.171.255
JON.CZ s.r.o.;188.75.128.0/18;188.75.128.0-188.75.191.255
JON.CZ s.r.o.;185.52.174.0/23;185.52.174.0-185.52.175.255
JON.CZ s.r.o.;185.144.176.0/22;185.144.176.0-185.144.179.255
Jumpshot s.r.o.;185.210.164.0/22;185.210.164.0-185.210.167.255
K-net Technical International Group, s.r.o.;80.83.64.0/20;80.83.64.0-80.83.79.255
K-net Technical International Group, s.r.o.;185.143.112.0/22;185.143.112.0-185.143.115.255
K2 atmitec s.r.o.;178.248.8.0/21;178.248.8.0-178.248.15.255
K2 atmitec s.r.o.;185.159.132.0/22;185.159.132.0-185.159.135.255
KABEL servis Praha spol. s r.o.;185.186.248.0/22;185.186.248.0-185.186.251.255
KABEL servis Praha spol. s r.o.;185.212.12.0/22;185.212.12.0-185.212.15.255
Development 777 s.r.o.;185.252.196.0/22;185.252.196.0-185.252.199.255
Futruy s.r.o.;185.99.68.0/22;185.99.68.0-185.99.71.255
KAZA.cz s.r.o.;185.108.120.0/22;185.108.120.0-185.108.123.255
KAZA.cz s.r.o.;176.53.188.0/22;176.53.188.0-176.53.191.255
KCG spol. s.r.o.;185.193.100.0/22;185.193.100.0-185.193.103.255
KHnet.info, z.s.;109.73.208.0/20;109.73.208.0-109.73.223.255
KHnet.info, z.s.;185.122.40.0/22;185.122.40.0-185.122.43.255
Kleissner Investments s.r.o.;185.185.216.0/22;185.185.216.0-185.185.219.255
Kleissner Investments s.r.o.;185.190.89.0/24;185.190.89.0-185.190.89.255
Kleissner Investments s.r.o.;185.194.12.0/24;185.194.12.0-185.194.12.255
FreeTel, s.r.o.;81.201.48.0/20;81.201.48.0-81.201.63.255
FreeTel, s.r.o.;78.108.96.0/20;78.108.96.0-78.108.111.255
FreeTel, s.r.o.;212.79.96.0/20;212.79.96.0-212.79.111.255
FreeTel, s.r.o.;31.47.96.0/20;31.47.96.0-31.47.111.255
FreeTel, s.r.o.;5.104.16.0/21;5.104.16.0-5.104.23.255
FreeTel, s.r.o.;185.99.64.0/22;185.99.64.0-185.99.67.255
Komplet NET s.r.o.;185.241.220.0/22;185.241.220.0-185.241.223.255
KONTRAX FT, s.r.o.;89.190.128.0/22;89.190.128.0-89.190.131.255
KONTRAX FT, s.r.o.;176.118.170.0/23;176.118.170.0-176.118.171.255
Kooperativa pojistovna, a.s., Vienna Insurance Group;185.74.204.0/22;185.74.204.0-185.74.207.255
Kooperativa pojistovna, a.s., Vienna Insurance Group;185.52.216.0/22;185.52.216.0-185.52.219.255
Zlinsky Kraj;185.150.124.0/22;185.150.124.0-185.150.127.255
Kraj Vysocina;185.140.236.0/22;185.140.236.0-185.140.239.255
KABELOVA TELEVIZE CZ s.r.o.;82.144.128.0/19;82.144.128.0-82.144.159.255
Kabelova televize Koprivnice, s.r.o.;213.194.192.0/20;213.194.192.0-213.194.207.255
Kabelova televize Koprivnice, s.r.o.;213.194.208.0/22;213.194.208.0-213.194.211.255
Kabelova televize Koprivnice, s.r.o.;185.163.40.0/22;185.163.40.0-185.163.43.255
KVADOS, a.s.;109.233.160.0/21;109.233.160.0-109.233.167.255
KVE s.r.o.;46.183.64.0/21;46.183.64.0-46.183.71.255
LajsiNET s.r.o.;185.211.108.0/22;185.211.108.0-185.211.111.255
LAM plus s.r.o.;80.92.240.0/20;80.92.240.0-80.92.255.255
LAN servis s.r.o.;109.69.208.0/21;109.69.208.0-109.69.215.255
Freenet Liberec, z.s.;185.193.84.0/22;185.193.84.0-185.193.87.255
Liberecky kraj;185.89.116.0/22;185.89.116.0-185.89.119.255
Nordic Telecom Regional s.r.o.;217.197.144.0/20;217.197.144.0-217.197.159.255
Nordic Telecom Regional s.r.o.;80.87.176.0/20;80.87.176.0-80.87.191.255
Nordic Telecom Regional s.r.o.;80.251.240.0/20;80.251.240.0-80.251.255.255
Nordic Telecom Regional s.r.o.;88.81.64.0/19;88.81.64.0-88.81.95.255
Nordic Telecom Regional s.r.o.;91.187.32.0/19;91.187.32.0-91.187.63.255
Nordic Telecom Regional s.r.o.;77.95.192.0/21;77.95.192.0-77.95.199.255
Nordic Telecom Regional s.r.o.;92.61.80.0/20;92.61.80.0-92.61.95.255
Nordic Telecom Regional s.r.o.;93.92.48.0/21;93.92.48.0-93.92.55.255
Nordic Telecom Regional s.r.o.;80.90.128.0/20;80.90.128.0-80.90.143.255
Nordic Telecom Regional s.r.o.;217.170.96.0/20;217.170.96.0-217.170.111.255
Nordic Telecom Regional s.r.o.;178.17.80.0/20;178.17.80.0-178.17.95.255
Nordic Telecom Regional s.r.o.;217.196.112.0/20;217.196.112.0-217.196.127.255
Nordic Telecom Regional s.r.o.;46.183.56.0/21;46.183.56.0-46.183.63.255
Nordic Telecom Regional s.r.o.;46.231.72.0/21;46.231.72.0-46.231.79.255
Nordic Telecom Regional s.r.o.;176.102.128.0/19;176.102.128.0-176.102.159.255
Nordic Telecom Regional s.r.o.;93.93.32.0/21;93.93.32.0-93.93.39.255
Nordic Telecom Regional s.r.o.;185.82.236.0/22;185.82.236.0-185.82.239.255
Nordic Telecom Regional s.r.o.;185.157.240.0/22;185.157.240.0-185.157.243.255
Nordic Telecom Regional s.r.o.;193.42.128.0/22;193.42.128.0-193.42.131.255
Nordic Telecom Regional s.r.o.;80.78.136.0/22;80.78.136.0-80.78.139.255
Nordic Telecom Regional s.r.o.;80.79.0.0/22;80.79.0.0-80.79.3.255
Nordic Telecom Regional s.r.o.;80.243.236.0/22;80.243.236.0-80.243.239.255
Nordic Telecom Regional s.r.o.;188.119.96.0/22;188.119.96.0-188.119.99.255
Like Media s.r.o.;37.77.145.0/24;37.77.145.0-37.77.145.255
NetArt LIR, k.s.;188.130.224.0/21;188.130.224.0-188.130.231.255
NetArt LIR, k.s.;109.248.16.0/20;109.248.16.0-109.248.31.255
NetArt LIR, k.s.;46.8.96.0/21;46.8.96.0-46.8.103.255
NetArt LIR, k.s.;46.8.112.0/20;46.8.112.0-46.8.127.255
NetArt LIR, k.s.;46.8.176.0/21;46.8.176.0-46.8.183.255
NetArt LIR, k.s.;46.8.194.0/23;46.8.194.0-46.8.195.255
NetArt LIR, k.s.;46.8.196.0/22;46.8.196.0-46.8.199.255
NetArt LIR, k.s.;46.8.200.0/22;46.8.200.0-46.8.203.255
NetArt LIR, k.s.;45.134.216.0/22;45.134.216.0-45.134.219.255
LOGICPRIM s.r.o.;185.134.160.0/22;185.134.160.0-185.134.163.255
Longredi, spol. s r.o.;185.31.36.0/22;185.31.36.0-185.31.39.255
LuckyNet s.r.o.;45.15.41.0/24;45.15.41.0-45.15.41.255
Luminet s.r.o.;213.109.172.0/22;213.109.172.0-213.109.175.255
Miroslav Holienka;185.94.4.0/22;185.94.4.0-185.94.7.255
KASSEX s.r.o.;86.111.213.0/24;86.111.213.0-86.111.213.255
LysaFree, z.s.;185.190.112.0/22;185.190.112.0-185.190.115.255
M-SOFT, spol. s r.o.;213.226.224.0/19;213.226.224.0-213.226.255.255
M-SOFT, spol. s r.o.;89.31.160.0/21;89.31.160.0-89.31.167.255
M-SOFT, spol. s r.o.;79.141.240.0/20;79.141.240.0-79.141.255.255
M-SOFT, spol. s r.o.;185.133.144.0/22;185.133.144.0-185.133.147.255
M-wifi internet s.r.o.;212.119.36.0/22;212.119.36.0-212.119.39.255
Mach3net s.r.o.;185.53.4.0/22;185.53.4.0-185.53.7.255
MAFRA, a.s.;185.17.116.0/22;185.17.116.0-185.17.119.255
Magnalink, a.s.;188.122.192.0/19;188.122.192.0-188.122.223.255
Mailkit s.r.o.;185.136.200.0/22;185.136.200.0-185.136.203.255
MaRcom-Eko s.r.o.;46.16.120.0/21;46.16.120.0-46.16.127.255
Master Internet s.r.o.;81.31.32.0/20;81.31.32.0-81.31.47.255
Master Internet s.r.o.;80.79.16.0/20;80.79.16.0-80.79.31.255
Master Internet s.r.o.;89.185.224.0/19;89.185.224.0-89.185.255.255
Master Internet s.r.o.;77.93.192.0/19;77.93.192.0-77.93.223.255
Master Internet s.r.o.;83.167.224.0/19;83.167.224.0-83.167.255.255
Master Internet s.r.o.;178.238.32.0/20;178.238.32.0-178.238.47.255
Master Internet s.r.o.;149.62.144.0/21;149.62.144.0-149.62.151.255
Master Internet s.r.o.;85.118.128.0/21;85.118.128.0-85.118.135.255
Master Internet s.r.o.;185.58.40.0/22;185.58.40.0-185.58.43.255
Matrigo s.r.o.;37.44.16.0/20;37.44.16.0-37.44.31.255
MAXICOM HOLDING a.s.;5.252.40.0/22;5.252.40.0-5.252.43.255
Jan Korinek;193.34.80.0/24;193.34.80.0-193.34.80.255
McFiber, s.r.o.;178.211.147.0/24;178.211.147.0-178.211.147.255
M Computers s.r.o.;185.149.204.0/22;185.149.204.0-185.149.207.255
MEMORY computers s.r.o.;193.143.252.0/24;193.143.252.0-193.143.252.255
MEMORY computers s.r.o.;193.143.255.0/24;193.143.255.0-193.143.255.255
MEMORY computers s.r.o.;193.148.1.0/24;193.148.1.0-193.148.1.255
MEMORY computers s.r.o.;193.148.5.0/24;193.148.5.0-193.148.5.255
MERIT GROUP a.s;46.227.168.0/21;46.227.168.0-46.227.175.255
Metropolitni sit Humpolec spol. s r.o.;185.236.160.0/22;185.236.160.0-185.236.163.255
Metropolitni s.r.o.;185.137.144.0/22;185.137.144.0-185.137.147.255
Ministerstvo financi;185.16.180.0/22;185.16.180.0-185.16.183.255
AVONET, s.r.o.;217.112.160.0/20;217.112.160.0-217.112.175.255
AVONET, s.r.o.;217.115.240.0/20;217.115.240.0-217.115.255.255
AVONET, s.r.o.;79.170.248.0/21;79.170.248.0-79.170.255.255
AVONET, s.r.o.;178.20.136.0/21;178.20.136.0-178.20.143.255
AVONET, s.r.o.;131.117.208.0/21;131.117.208.0-131.117.215.255
AVONET, s.r.o.;185.84.232.0/22;185.84.232.0-185.84.235.255
Milos Kozohorsky;62.204.53.0/24;62.204.53.0-62.204.53.255
Ministerstvo Obrany;193.107.67.0/24;193.107.67.0-193.107.67.255
Miracle Network, spol. s r.o.;185.189.4.0/22;185.189.4.0-185.189.7.255
MIRAMO spol. s.r.o.;217.196.208.0/20;217.196.208.0-217.196.223.255
MIRAMO spol. s.r.o.;93.95.32.0/21;93.95.32.0-93.95.39.255
MIRAMO spol. s.r.o.;217.197.32.0/20;217.197.32.0-217.197.47.255
MIRAMO spol. s.r.o.;45.129.24.0/22;45.129.24.0-45.129.27.255
Miroslav Danecek;185.252.152.0/22;185.252.152.0-185.252.155.255
MASTER IT Technologies, a.s.;94.229.80.0/20;94.229.80.0-94.229.95.255
MASTER IT Technologies, a.s.;185.92.216.0/22;185.92.216.0-185.92.219.255
Mlada fronta a.s.;5.198.132.0/22;5.198.132.0-5.198.135.255
M.NET STUDENKA s. r. o.;109.224.64.0/18;109.224.64.0-109.224.127.255
Modralog S.r.o;185.167.253.0/24;185.167.253.0-185.167.253.255
Moneroj s.r.o.;45.153.160.0/22;45.153.160.0-45.153.163.255
ADAPTIVITY s.r.o.;212.90.224.0/19;212.90.224.0-212.90.255.255
ADAPTIVITY s.r.o.;213.235.64.0/18;213.235.64.0-213.235.127.255
ADAPTIVITY s.r.o.;82.202.0.0/18;82.202.0.0-82.202.63.255
ADAPTIVITY s.r.o.;185.193.128.0/22;185.193.128.0-185.193.131.255
MoravanyNET s.r.o.;185.140.112.0/22;185.140.112.0-185.140.115.255
MoravanyNET s.r.o.;185.233.217.0/24;185.233.217.0-185.233.217.255
Moravia IT s.r.o.;80.65.176.0/20;80.65.176.0-80.65.191.255
Moravskoslezsky kraj;45.93.152.0/22;45.93.152.0-45.93.155.255
Mraknet s.r.o.;185.200.108.0/22;185.200.108.0-185.200.111.255
TRINITY CZECH REPUBLIC, s.r.o.;46.234.160.0/19;46.234.160.0-46.234.191.255
Martin Pustka;45.91.0.0/22;45.91.0.0-45.91.3.255
Masarykova univerzita - Ustav vypocetni techniky;217.69.96.0/20;217.69.96.0-217.69.111.255
MINISTERSTVO VNITRA CR;94.199.40.0/21;94.199.40.0-94.199.47.255
MINISTERSTVO VNITRA CR;185.17.212.0/22;185.17.212.0-185.17.215.255
MX-NET Telekomunikace s.r.o.;185.186.160.0/22;185.186.160.0-185.186.163.255
The Ministry of Agriculture of the Czech Republic;185.149.184.0/22;185.149.184.0-185.149.187.255
Milan Zelenka;185.71.40.0/22;185.71.40.0-185.71.43.255
NAM system, a.s.;185.241.240.0/22;185.241.240.0-185.241.243.255
Navmatix s.r.o.;185.203.84.0/22;185.203.84.0-185.203.87.255
National Cyber and Information Security Agency;185.48.20.0/22;185.48.20.0-185.48.23.255
Narodni bezpecnostni urad Czech Republic;193.37.226.0/23;193.37.226.0-193.37.227.255
Narodni bezpecnostni urad Czech Republic;193.37.230.0/23;193.37.230.0-193.37.231.255
Nej.cz s.r.o.;212.96.160.0/19;212.96.160.0-212.96.191.255
Nej.cz s.r.o.;213.180.32.0/19;213.180.32.0-213.180.63.255
Nej.cz s.r.o.;217.195.160.0/20;217.195.160.0-217.195.175.255
Nej.cz s.r.o.;213.211.32.0/19;213.211.32.0-213.211.63.255
Nej.cz s.r.o.;82.150.160.0/19;82.150.160.0-82.150.191.255
Nej.cz s.r.o.;82.114.192.0/19;82.114.192.0-82.114.223.255
Nej.cz s.r.o.;80.78.144.0/20;80.78.144.0-80.78.159.255
Nej.cz s.r.o.;86.63.192.0/19;86.63.192.0-86.63.223.255
Nej.cz s.r.o.;88.83.224.0/19;88.83.224.0-88.83.255.255
Nej.cz s.r.o.;81.200.48.0/20;81.200.48.0-81.200.63.255
Nej.cz s.r.o.;89.190.40.0/21;89.190.40.0-89.190.47.255
Nej.cz s.r.o.;89.190.48.0/20;89.190.48.0-89.190.63.255
Nej.cz s.r.o.;89.31.8.0/21;89.31.8.0-89.31.15.255
Nej.cz s.r.o.;77.242.80.0/20;77.242.80.0-77.242.95.255
Nej.cz s.r.o.;78.108.144.0/21;78.108.144.0-78.108.151.255
Nej.cz s.r.o.;78.108.152.0/21;78.108.152.0-78.108.159.255
Nej.cz s.r.o.;78.41.8.0/21;78.41.8.0-78.41.15.255
Nej.cz s.r.o.;92.240.160.0/19;92.240.160.0-92.240.191.255
Nej.cz s.r.o.;212.4.128.0/19;212.4.128.0-212.4.159.255
Nej.cz s.r.o.;94.74.192.0/18;94.74.192.0-94.74.255.255
Nej.cz s.r.o.;94.143.168.0/21;94.143.168.0-94.143.175.255
Nej.cz s.r.o.;80.243.96.0/20;80.243.96.0-80.243.111.255
Nej.cz s.r.o.;188.175.0.0/16;188.175.0.0-188.175.255.255
Nej.cz s.r.o.;95.143.128.0/20;95.143.128.0-95.143.143.255
Nej.cz s.r.o.;109.72.0.0/20;109.72.0.0-109.72.15.255
Nej.cz s.r.o.;109.105.32.0/19;109.105.32.0-109.105.63.255
Nej.cz s.r.o.;109.239.64.0/20;109.239.64.0-109.239.79.255
Nej.cz s.r.o.;178.17.96.0/20;178.17.96.0-178.17.111.255
Nej.cz s.r.o.;178.72.192.0/18;178.72.192.0-178.72.255.255
Nej.cz s.r.o.;185.8.188.0/22;185.8.188.0-185.8.191.255
Nej.cz s.r.o.;185.15.252.0/22;185.15.252.0-185.15.255.255
Nej.cz s.r.o.;185.152.152.0/22;185.152.152.0-185.152.155.255
Nej.cz s.r.o.;185.191.184.0/22;185.191.184.0-185.191.187.255
Nej.cz s.r.o.;194.31.216.0/22;194.31.216.0-194.31.219.255
Nej.cz s.r.o.;194.59.240.0/22;194.59.240.0-194.59.243.255
NEOS v.o.s.;46.23.128.0/20;46.23.128.0-46.23.143.255
gsnet.cz s.r.o.;92.43.24.0/21;92.43.24.0-92.43.31.255
gsnet.cz s.r.o.;80.82.192.0/21;80.82.192.0-80.82.199.255
gsnet.cz s.r.o.;185.7.44.0/22;185.7.44.0-185.7.47.255
E3.cz, sro;185.133.196.0/22;185.133.196.0-185.133.199.255
NETAIR, s.r.o.;79.98.152.0/21;79.98.152.0-79.98.159.255
NETAIR, s.r.o.;217.29.0.0/20;217.29.0.0-217.29.15.255
NetArt Group s.r.o.;95.182.64.0/18;95.182.64.0-95.182.127.255
NetArt Group s.r.o.;188.130.128.0/18;188.130.128.0-188.130.191.255
NetArt Group s.r.o.;188.130.192.0/19;188.130.192.0-188.130.223.255
NetArt Group s.r.o.;188.130.232.0/21;188.130.232.0-188.130.239.255
NetArt Group s.r.o.;188.130.240.0/20;188.130.240.0-188.130.255.255
NetArt Group s.r.o.;109.248.3.0/24;109.248.3.0-109.248.3.255
NetArt Group s.r.o.;109.248.4.0/22;109.248.4.0-109.248.7.255
NetArt Group s.r.o.;109.248.8.0/21;109.248.8.0-109.248.15.255
NetArt Group s.r.o.;109.248.32.0/19;109.248.32.0-109.248.63.255
NetArt Group s.r.o.;109.248.64.0/18;109.248.64.0-109.248.127.255
NetArt Group s.r.o.;109.248.128.0/18;109.248.128.0-109.248.191.255
NetArt Group s.r.o.;109.248.192.0/20;109.248.192.0-109.248.207.255
NetArt Group s.r.o.;109.248.208.0/21;109.248.208.0-109.248.215.255
NetArt Group s.r.o.;109.248.216.0/24;109.248.216.0-109.248.216.255
NetArt Group s.r.o.;109.248.218.0/23;109.248.218.0-109.248.219.255
NetArt Group s.r.o.;109.248.220.0/22;109.248.220.0-109.248.223.255
NetArt Group s.r.o.;109.248.224.0/19;109.248.224.0-109.248.255.255
NetArt Group s.r.o.;46.8.4.0/22;46.8.4.0-46.8.7.255
NetArt Group s.r.o.;46.8.8.0/21;46.8.8.0-46.8.15.255
NetArt Group s.r.o.;46.8.16.0/20;46.8.16.0-46.8.31.255
NetArt Group s.r.o.;46.8.32.0/19;46.8.32.0-46.8.63.255
NetArt Group s.r.o.;46.8.64.0/19;46.8.64.0-46.8.95.255
NetArt Group s.r.o.;46.8.104.0/21;46.8.104.0-46.8.111.255
NetArt Group s.r.o.;46.8.128.0/19;46.8.128.0-46.8.159.255
NetArt Group s.r.o.;46.8.160.0/20;46.8.160.0-46.8.175.255
NetArt Group s.r.o.;46.8.184.0/21;46.8.184.0-46.8.191.255
NetArt Group s.r.o.;46.8.192.0/23;46.8.192.0-46.8.193.255
NetArt Group s.r.o.;46.8.204.0/22;46.8.204.0-46.8.207.255
NetArt Group s.r.o.;46.8.208.0/20;46.8.208.0-46.8.223.255
NetArt Group s.r.o.;46.8.224.0/19;46.8.224.0-46.8.255.255
NetArt Group s.r.o.;185.17.64.0/22;185.17.64.0-185.17.67.255
SMART Comp. a.s.;83.240.0.0/17;83.240.0.0-83.240.127.255
SMART Comp. a.s.;95.82.128.0/18;95.82.128.0-95.82.191.255
SMART Comp. a.s.;46.39.160.0/19;46.39.160.0-46.39.191.255
SMART Comp. a.s.;185.51.240.0/22;185.51.240.0-185.51.243.255
Net-Connect s.r.o.;31.192.64.0/19;31.192.64.0-31.192.95.255
Net-Connect s.r.o.;45.129.156.0/22;45.129.156.0-45.129.159.255
Netcore services s.r.o.;85.92.96.0/22;85.92.96.0-85.92.99.255
Netcore services s.r.o.;194.31.188.0/22;194.31.188.0-194.31.191.255
Netcraft Solutions s.r.o.;185.88.72.0/22;185.88.72.0-185.88.75.255
NetDataComm, s.r.o.;176.74.128.0/19;176.74.128.0-176.74.159.255
NetDataComm, s.r.o.;193.200.244.0/24;193.200.244.0-193.200.244.255
NetDataComm, s.r.o.;193.200.246.0/24;193.200.246.0-193.200.246.255
NetDataComm, s.r.o.;193.200.251.0/24;193.200.251.0-193.200.251.255
NetDataComm, s.r.o.;193.200.252.0/24;193.200.252.0-193.200.252.255
NETIO Solutions s.r.o.;188.213.234.0/23;188.213.234.0-188.213.235.255
NETIO Solutions s.r.o.;188.215.18.0/23;188.215.18.0-188.215.19.255
NETIO Solutions s.r.o.;185.25.184.0/22;185.25.184.0-185.25.187.255
Internet Praha Josefov s.r.o.;185.176.136.0/22;185.176.136.0-185.176.139.255
Netlancers s.r.o.;109.233.72.0/21;109.233.72.0-109.233.79.255
netsearch s.r.o.;193.39.188.0/22;193.39.188.0-193.39.191.255
netsearch s.r.o.;192.144.44.0/22;192.144.44.0-192.144.47.255
netsearch s.r.o.;45.137.128.0/22;45.137.128.0-45.137.131.255
netsearch s.r.o.;45.147.164.0/22;45.147.164.0-45.147.167.255
NET service solution, s.r.o.;185.224.214.0/24;185.224.214.0-185.224.214.255
Netstone s.r.o.;185.218.92.0/22;185.218.92.0-185.218.95.255
NETTLE.CZ-ISP s.r.o.;195.12.39.0/24;195.12.39.0-195.12.39.255
KLFREE NETWORKS, s.r.o.;185.63.104.0/22;185.63.104.0-185.63.107.255
New Mind s.r.o.;212.18.101.0/24;212.18.101.0-212.18.101.255
NEW TELEKOM, spol. s r.o.;78.41.16.0/21;78.41.16.0-78.41.23.255
NEW TELEKOM, spol. s r.o.;92.63.48.0/20;92.63.48.0-92.63.63.255
NGA Services, spol. s r.o.;185.148.172.0/22;185.148.172.0-185.148.175.255
CZ.NIC, z.s.p.o.;217.31.192.0/20;217.31.192.0-217.31.207.255
CZ.NIC, z.s.p.o.;185.43.132.0/22;185.43.132.0-185.43.135.255
Nikolaj Visnakov;194.26.239.0/24;194.26.239.0-194.26.239.255
Nikolaj Visnakov;193.111.175.0/24;193.111.175.0-193.111.175.255
Nikolaj Visnakov;212.23.218.0/24;212.23.218.0-212.23.218.255
Nikolaj Visnakov;146.19.255.0/24;146.19.255.0-146.19.255.255
Nikolaj Visnakov;185.187.17.0/24;185.187.17.0-185.187.17.255
Nikolaj Visnakov;212.46.53.0/24;212.46.53.0-212.46.53.255
NIX.CZ z.s.p.o.;93.190.128.0/21;93.190.128.0-93.190.135.255
NIX.CZ z.s.p.o.;91.207.230.0/23;91.207.230.0-91.207.231.255
NIX.CZ z.s.p.o.;91.207.234.0/23;91.207.234.0-91.207.235.255
NOEL, s.r.o.;185.162.24.0/22;185.162.24.0-185.162.27.255
NOEL, s.r.o.;185.194.44.0/22;185.194.44.0-185.194.47.255
NOEL, s.r.o.;185.195.84.0/22;185.195.84.0-185.195.87.255
NOEL, s.r.o.;185.195.224.0/22;185.195.224.0-185.195.227.255
NOEL, s.r.o.;185.242.72.0/22;185.242.72.0-185.242.75.255
Nordic Telecom s.r.o;213.250.192.0/18;213.250.192.0-213.250.255.255
Nordic Telecom s.r.o;213.19.0.0/17;213.19.0.0-213.19.127.255
Nordic Telecom s.r.o;78.136.128.0/18;78.136.128.0-78.136.191.255
Nordic Telecom s.r.o;213.155.32.0/19;213.155.32.0-213.155.63.255
Nordic Telecom s.r.o;94.241.64.0/18;94.241.64.0-94.241.127.255
Nordic Telecom s.r.o;109.108.96.0/19;109.108.96.0-109.108.127.255
Nordic Telecom s.r.o;31.10.56.0/21;31.10.56.0-31.10.63.255
Nordic Telecom s.r.o;5.102.48.0/20;5.102.48.0-5.102.63.255
Nordic Telecom s.r.o;185.78.12.0/22;185.78.12.0-185.78.15.255
Nordic Telecom s.r.o;185.108.60.0/22;185.108.60.0-185.108.63.255
Nordic Telecom s.r.o;45.159.116.0/22;45.159.116.0-45.159.119.255
"N_SYS s.r.o.";89.190.64.0/19;89.190.64.0-89.190.95.255
NTS Computer, a.s.;91.240.46.0/24;91.240.46.0-91.240.46.255
NTV cable s.r.o.;185.235.48.0/22;185.235.48.0-185.235.51.255
NTX Technologies s.r.o.;185.232.168.0/22;185.232.168.0-185.232.171.255
NTX Technologies s.r.o.;185.233.80.0/22;185.233.80.0-185.233.83.255
NTX Technologies s.r.o.;185.233.200.0/22;185.233.200.0-185.233.203.255
NTX Technologies s.r.o.;185.244.172.0/22;185.244.172.0-185.244.175.255
NTX Technologies s.r.o.;185.252.144.0/22;185.252.144.0-185.252.147.255
NTX Technologies s.r.o.;185.255.132.0/22;185.255.132.0-185.255.135.255
NTX Technologies s.r.o.;193.238.44.0/24;193.238.44.0-193.238.44.255
NetX Networks a.s.;45.83.124.0/22;45.83.124.0-45.83.127.255
NetX Networks a.s.;45.83.132.0/22;45.83.132.0-45.83.135.255
NetX Networks a.s.;45.83.136.0/22;45.83.136.0-45.83.139.255
NetX Networks a.s.;45.83.144.0/22;45.83.144.0-45.83.147.255
NetX Networks a.s.;45.83.152.0/22;45.83.152.0-45.83.155.255
NetX Networks a.s.;45.139.36.0/22;45.139.36.0-45.139.39.255
NetX Networks a.s.;45.139.44.0/22;45.139.44.0-45.139.47.255
NetX Networks a.s.;45.139.56.0/22;45.139.56.0-45.139.59.255
NetX Networks a.s.;45.139.64.0/22;45.139.64.0-45.139.67.255
NetX Networks a.s.;45.156.44.0/22;45.156.44.0-45.156.47.255
NetX Networks a.s.;45.158.88.0/22;45.158.88.0-45.158.91.255
NetX Networks a.s.;194.180.110.0/24;194.180.110.0-194.180.110.255
NetX Networks a.s.;194.180.115.0/24;194.180.115.0-194.180.115.255
NetX Networks a.s.;194.180.150.0/24;194.180.150.0-194.180.150.255
NetX Networks a.s.;194.180.154.0/24;194.180.154.0-194.180.154.255
Bydleni Frystak s.r.o.;185.111.96.0/22;185.111.96.0-185.111.99.255
Druzstvo OFX;185.99.116.0/22;185.99.116.0-185.99.119.255
OMEGA plus Chrudim s.r.o.;213.226.208.0/20;213.226.208.0-213.226.223.255
OMEGA plus Chrudim s.r.o.;94.143.232.0/21;94.143.232.0-94.143.239.255
OMEGA plus Chrudim s.r.o.;185.133.100.0/22;185.133.100.0-185.133.103.255
Omnitel CZ s.r.o.;91.196.40.0/22;91.196.40.0-91.196.43.255
Onehostplanet s.r.o.;2.59.220.0/22;2.59.220.0-2.59.223.255
Onlinex NM s.r.o.;194.107.72.0/22;194.107.72.0-194.107.75.255
OpavaNet a.s. Czech Republic;213.155.224.0/19;213.155.224.0-213.155.255.255
Optet network, s. r. o.;185.136.196.0/22;185.136.196.0-185.136.199.255
OptoNet Communication, spol. s.r.o.;78.156.128.0/19;78.156.128.0-78.156.159.255
OptoNet Communication, spol. s.r.o.;185.85.92.0/22;185.85.92.0-185.85.95.255
ORIFLAME SOFTWARE s.r.o.;94.124.248.0/21;94.124.248.0-94.124.255.255
ORKA systems, s.r.o.;46.228.16.0/20;46.228.16.0-46.228.31.255
ORKA systems, s.r.o.;185.174.92.0/22;185.174.92.0-185.174.95.255
Vodafone Czech Republic a.s.;62.24.64.0/19;62.24.64.0-62.24.95.255
Vodafone Czech Republic a.s.;217.77.160.0/20;217.77.160.0-217.77.175.255
Vodafone Czech Republic a.s.;80.95.96.0/20;80.95.96.0-80.95.111.255
Vodafone Czech Republic a.s.;62.245.64.0/18;62.245.64.0-62.245.127.255
Vodafone Czech Republic a.s.;81.27.192.0/20;81.27.192.0-81.27.207.255
Vodafone Czech Republic a.s.;80.95.112.0/20;80.95.112.0-80.95.127.255
Vodafone Czech Republic a.s.;213.220.192.0/18;213.220.192.0-213.220.255.255
Vodafone Czech Republic a.s.;62.240.160.0/19;62.240.160.0-62.240.191.255
Vodafone Czech Republic a.s.;82.142.64.0/18;82.142.64.0-82.142.127.255
Vodafone Czech Republic a.s.;84.242.64.0/18;84.242.64.0-84.242.127.255
Vodafone Czech Republic a.s.;84.42.128.0/17;84.42.128.0-84.42.255.255
Vodafone Czech Republic a.s.;213.192.0.0/18;213.192.0.0-213.192.63.255
Vodafone Czech Republic a.s.;86.49.0.0/16;86.49.0.0-86.49.255.255
Vodafone Czech Republic a.s.;88.146.128.0/17;88.146.128.0-88.146.255.255
Vodafone Czech Republic a.s.;89.102.0.0/15;89.102.0.0-89.103.255.255
Vodafone Czech Republic a.s.;89.176.0.0/15;89.176.0.0-89.177.255.255
Vodafone Czech Republic a.s.;77.48.0.0/16;77.48.0.0-77.48.255.255
Vodafone Czech Republic a.s.;78.44.0.0/15;78.44.0.0-78.45.255.255
Vodafone Czech Republic a.s.;78.102.0.0/16;78.102.0.0-78.102.255.255
Vodafone Czech Republic a.s.;93.99.0.0/16;93.99.0.0-93.99.255.255
Vodafone Czech Republic a.s.;93.90.160.0/20;93.90.160.0-93.90.175.255
Vodafone Czech Republic a.s.;94.112.0.0/15;94.112.0.0-94.113.255.255
Vodafone Czech Republic a.s.;188.95.120.0/21;188.95.120.0-188.95.127.255
Vodafone Czech Republic a.s.;109.107.192.0/19;109.107.192.0-109.107.223.255
Vodafone Czech Republic a.s.;178.77.192.0/18;178.77.192.0-178.77.255.255
Vodafone Czech Republic a.s.;46.135.0.0/16;46.135.0.0-46.135.255.255
Vodafone Czech Republic a.s.;46.167.192.0/18;46.167.192.0-46.167.255.255
Vodafone Czech Republic a.s.;31.30.0.0/16;31.30.0.0-31.30.255.255
Vodafone Czech Republic a.s.;31.169.128.0/17;31.169.128.0-31.169.255.255
Vodafone Czech Republic a.s.;141.170.128.0/18;141.170.128.0-141.170.191.255
Vodafone Czech Republic a.s.;185.188.184.0/22;185.188.184.0-185.188.187.255
Oslavany.NET, spolek;185.5.224.0/22;185.5.224.0-185.5.227.255
OvaNet, a.s.;81.91.208.0/20;81.91.208.0-81.91.223.255
OvaNet, a.s.;185.181.184.0/22;185.181.184.0-185.181.187.255
PAMICO CZECH, s.r.o.;85.132.128.0/21;85.132.128.0-85.132.135.255
PAMICO CZECH, s.r.o.;185.147.248.0/22;185.147.248.0-185.147.251.255
Pardubicky Kraj;185.166.108.0/22;185.166.108.0-185.166.111.255
PCKBnet s.r.o.;185.175.220.0/22;185.175.220.0-185.175.223.255
Pe3ny Net s.r.o.;94.142.232.0/21;94.142.232.0-94.142.239.255
Pe3ny Net s.r.o.;178.248.248.0/21;178.248.248.0-178.248.255.255
Pe3ny Net s.r.o.;37.143.112.0/21;37.143.112.0-37.143.119.255
Pe3ny Net s.r.o.;185.75.116.0/22;185.75.116.0-185.75.119.255
Peernet s.r.o.;185.254.123.0/24;185.254.123.0-185.254.123.255
Pernix systems s.r.o.;185.136.108.0/22;185.136.108.0-185.136.111.255
Playground HUB s.r.o.;185.197.144.0/22;185.197.144.0-185.197.147.255
Playground HUB s.r.o.;45.91.180.0/22;45.91.180.0-45.91.183.255
PilsFree, z. s.;185.118.80.0/22;185.118.80.0-185.118.83.255
PilsFree servis, s.r.o.;185.112.28.0/22;185.112.28.0-185.112.31.255
Planet A, a.s.;217.30.64.0/20;217.30.64.0-217.30.79.255
Planet A, a.s.;109.238.208.0/20;109.238.208.0-109.238.223.255
Planet A, a.s.;185.248.176.0/22;185.248.176.0-185.248.179.255
Plzensky kraj;185.68.28.0/22;185.68.28.0-185.68.31.255
Plzensky kraj;185.88.12.0/22;185.88.12.0-185.88.15.255
PODA a.s.;193.165.0.0/16;193.165.0.0-193.165.255.255
PODA a.s.;62.129.32.0/19;62.129.32.0-62.129.63.255
PODA a.s.;213.216.32.0/19;213.216.32.0-213.216.63.255
PODA a.s.;82.209.0.0/18;82.209.0.0-82.209.63.255
PODA a.s.;84.16.96.0/19;84.16.96.0-84.16.127.255
PODA a.s.;84.21.96.0/19;84.21.96.0-84.21.127.255
PODA a.s.;85.135.0.0/17;85.135.0.0-85.135.127.255
PODA a.s.;86.61.128.0/17;86.61.128.0-86.61.255.255
PODA a.s.;89.29.0.0/17;89.29.0.0-89.29.127.255
PODA a.s.;93.181.64.0/18;93.181.64.0-93.181.127.255
PODA a.s.;94.242.64.0/18;94.242.64.0-94.242.127.255
PODA a.s.;188.134.128.0/17;188.134.128.0-188.134.255.255
PODA a.s.;78.157.128.0/19;78.157.128.0-78.157.159.255
PODA a.s.;46.47.128.0/18;46.47.128.0-46.47.191.255
PODA a.s.;31.28.128.0/19;31.28.128.0-31.28.159.255
PODA a.s.;164.215.112.0/20;164.215.112.0-164.215.127.255
PODA a.s.;176.227.248.0/21;176.227.248.0-176.227.255.255
PODA a.s.;212.109.176.0/20;212.109.176.0-212.109.191.255
PODA a.s.;5.53.8.0/21;5.53.8.0-5.53.15.255
PODA a.s.;91.106.240.0/20;91.106.240.0-91.106.255.255
PODA a.s.;128.0.176.0/20;128.0.176.0-128.0.191.255
PODA a.s.;185.5.68.0/22;185.5.68.0-185.5.71.255
POPE servis s.r.o.;45.84.164.0/22;45.84.164.0-45.84.167.255
Position s.r.o.;185.70.24.0/22;185.70.24.0-185.70.27.255
pragmatel s.r.o.;185.100.196.0/22;185.100.196.0-185.100.199.255
PRAHA12.com s.r.o.;193.41.154.0/23;193.41.154.0-193.41.155.255
PRAHA12.com s.r.o.;193.41.212.0/23;193.41.212.0-193.41.213.255
Pranet s.r.o.;185.156.120.0/22;185.156.120.0-185.156.123.255
Prazska energetika, a.s.;94.124.40.0/21;94.124.40.0-94.124.47.255
Prestonet s.r.o.;185.249.112.0/22;185.249.112.0-185.249.115.255
Prime Studio s.r.o.;193.200.243.0/24;193.200.243.0-193.200.243.255
Pro-Line comp s.r.o.;185.231.236.0/22;185.231.236.0-185.231.239.255
ProfiSMS s.r.o.;37.140.220.0/24;37.140.220.0-37.140.220.255
PRO-ZETA a.s.;95.173.200.0/21;95.173.200.0-95.173.207.255
PRO-ZETA a.s.;95.173.208.0/20;95.173.208.0-95.173.223.255
PRO-ZETA a.s.;185.2.40.0/22;185.2.40.0-185.2.43.255
PRO-ZETA a.s.;185.111.108.0/22;185.111.108.0-185.111.111.255
PVfree.net, z. s.;185.138.44.0/22;185.138.44.0-185.138.47.255
Qrator Labs CZ s.r.o.;185.104.208.0/22;185.104.208.0-185.104.211.255
Quick Technology Company s.r.o.;185.66.8.0/22;185.66.8.0-185.66.11.255
Quadruple a.s.;193.56.11.0/24;193.56.11.0-193.56.11.255
T-Mobile Czech Republic a.s.;193.85.0.0/16;193.85.0.0-193.85.255.255
T-Mobile Czech Republic a.s.;193.86.0.0/16;193.86.0.0-193.86.255.255
T-Mobile Czech Republic a.s.;194.108.0.0/19;194.108.0.0-194.108.31.255
T-Mobile Czech Republic a.s.;194.108.64.0/18;194.108.64.0-194.108.127.255
T-Mobile Czech Republic a.s.;194.108.128.0/17;194.108.128.0-194.108.255.255
T-Mobile Czech Republic a.s.;194.108.32.0/19;194.108.32.0-194.108.63.255
T-Mobile Czech Republic a.s.;193.179.0.0/16;193.179.0.0-193.179.255.255
T-Mobile Czech Republic a.s.;194.212.0.0/16;194.212.0.0-194.212.255.255
T-Mobile Czech Republic a.s.;194.213.192.0/19;194.213.192.0-194.213.223.255
T-Mobile Czech Republic a.s.;194.213.32.0/19;194.213.32.0-194.213.63.255
T-Mobile Czech Republic a.s.;195.70.128.0/19;195.70.128.0-195.70.159.255
T-Mobile Czech Republic a.s.;195.39.0.0/17;195.39.0.0-195.39.127.255
T-Mobile Czech Republic a.s.;195.47.0.0/17;195.47.0.0-195.47.127.255
T-Mobile Czech Republic a.s.;195.144.96.0/19;195.144.96.0-195.144.127.255
T-Mobile Czech Republic a.s.;62.168.0.0/18;62.168.0.0-62.168.63.255
T-Mobile Czech Republic a.s.;195.22.32.0/19;195.22.32.0-195.22.63.255
T-Mobile Czech Republic a.s.;212.47.0.0/19;212.47.0.0-212.47.31.255
T-Mobile Czech Republic a.s.;212.67.64.0/19;212.67.64.0-212.67.95.255
T-Mobile Czech Republic a.s.;212.65.192.0/19;212.65.192.0-212.65.223.255
T-Mobile Czech Republic a.s.;212.65.224.0/19;212.65.224.0-212.65.255.255
T-Mobile Czech Republic a.s.;213.210.128.0/18;213.210.128.0-213.210.191.255
T-Mobile Czech Republic a.s.;62.84.128.0/19;62.84.128.0-62.84.159.255
T-Mobile Czech Republic a.s.;62.141.0.0/19;62.141.0.0-62.141.31.255
T-Mobile Czech Republic a.s.;194.149.96.0/19;194.149.96.0-194.149.127.255
T-Mobile Czech Republic a.s.;62.77.64.0/18;62.77.64.0-62.77.127.255
T-Mobile Czech Republic a.s.;62.209.192.0/18;62.209.192.0-62.209.255.255
T-Mobile Czech Republic a.s.;213.29.0.0/16;213.29.0.0-213.29.255.255
T-Mobile Czech Republic a.s.;80.95.240.0/20;80.95.240.0-80.95.255.255
T-Mobile Czech Republic a.s.;89.233.128.0/18;89.233.128.0-89.233.191.255
T-Mobile Czech Republic a.s.;89.24.0.0/17;89.24.0.0-89.24.127.255
T-Mobile Czech Republic a.s.;78.80.0.0/17;78.80.0.0-78.80.127.255
T-Mobile Czech Republic a.s.;78.80.128.0/17;78.80.128.0-78.80.255.255
T-Mobile Czech Republic a.s.;89.24.128.0/17;89.24.128.0-89.24.255.255
T-Mobile Czech Republic a.s.;91.139.0.0/17;91.139.0.0-91.139.127.255
T-Mobile Czech Republic a.s.;93.153.0.0/17;93.153.0.0-93.153.127.255
T-Mobile Czech Republic a.s.;109.183.0.0/16;109.183.0.0-109.183.255.255
T-Mobile Czech Republic a.s.;109.75.144.0/20;109.75.144.0-109.75.159.255
T-Mobile Czech Republic a.s.;46.13.0.0/16;46.13.0.0-46.13.255.255
T-Mobile Czech Republic a.s.;37.48.0.0/18;37.48.0.0-37.48.63.255
T-Mobile Czech Republic a.s.;185.14.188.0/22;185.14.188.0-185.14.191.255
Raiffeisenbank a.s.;185.250.72.0/22;185.250.72.0-185.250.75.255
Regionalni centrum Olomouc s.r.o.;94.124.184.0/21;94.124.184.0-94.124.191.255
Reliable Communications s.r.o.;193.124.0.0/24;193.124.0.0-193.124.0.255
Reliable Communications s.r.o.;193.124.2.0/23;193.124.2.0-193.124.3.255
Reliable Communications s.r.o.;193.124.4.0/22;193.124.4.0-193.124.7.255
Reliable Communications s.r.o.;193.124.8.0/23;193.124.8.0-193.124.9.255
Reliable Communications s.r.o.;193.124.15.0/24;193.124.15.0-193.124.15.255
Reliable Communications s.r.o.;193.124.16.0/22;193.124.16.0-193.124.19.255
Reliable Communications s.r.o.;193.124.22.0/23;193.124.22.0-193.124.23.255
Reliable Communications s.r.o.;193.124.24.0/24;193.124.24.0-193.124.24.255
Reliable Communications s.r.o.;193.124.30.0/24;193.124.30.0-193.124.30.255
Reliable Communications s.r.o.;193.124.33.0/24;193.124.33.0-193.124.33.255
Reliable Communications s.r.o.;193.124.34.0/23;193.124.34.0-193.124.35.255
Reliable Communications s.r.o.;193.124.36.0/24;193.124.36.0-193.124.36.255
Reliable Communications s.r.o.;193.124.40.0/23;193.124.40.0-193.124.41.255
Reliable Communications s.r.o.;193.124.42.0/24;193.124.42.0-193.124.42.255
Reliable Communications s.r.o.;193.124.44.0/22;193.124.44.0-193.124.47.255
Reliable Communications s.r.o.;193.124.49.0/24;193.124.49.0-193.124.49.255
Reliable Communications s.r.o.;193.124.50.0/24;193.124.50.0-193.124.50.255
Reliable Communications s.r.o.;193.124.55.0/24;193.124.55.0-193.124.55.255
Reliable Communications s.r.o.;193.124.56.0/22;193.124.56.0-193.124.59.255
Reliable Communications s.r.o.;193.124.60.0/24;193.124.60.0-193.124.60.255
Reliable Communications s.r.o.;193.124.64.0/22;193.124.64.0-193.124.67.255
Reliable Communications s.r.o.;193.124.80.0/24;193.124.80.0-193.124.80.255
Reliable Communications s.r.o.;193.124.88.0/21;193.124.88.0-193.124.95.255
Reliable Communications s.r.o.;193.124.112.0/22;193.124.112.0-193.124.115.255
Reliable Communications s.r.o.;193.124.117.0/24;193.124.117.0-193.124.117.255
Reliable Communications s.r.o.;193.124.118.0/23;193.124.118.0-193.124.119.255
Reliable Communications s.r.o.;193.124.121.0/24;193.124.121.0-193.124.121.255
Reliable Communications s.r.o.;193.124.124.0/23;193.124.124.0-193.124.125.255
Reliable Communications s.r.o.;193.124.128.0/22;193.124.128.0-193.124.131.255
Reliable Communications s.r.o.;193.124.133.0/24;193.124.133.0-193.124.133.255
Reliable Communications s.r.o.;193.124.158.0/23;193.124.158.0-193.124.159.255
Reliable Communications s.r.o.;193.124.200.0/21;193.124.200.0-193.124.207.255
Reliable Communications s.r.o.;193.124.224.0/22;193.124.224.0-193.124.227.255
Reliable Communications s.r.o.;193.124.254.0/24;193.124.254.0-193.124.254.255
Reliable Communications s.r.o.;194.58.31.0/24;194.58.31.0-194.58.31.255
Reliable Communications s.r.o.;194.58.32.0/23;194.58.32.0-194.58.33.255
Reliable Communications s.r.o.;194.58.34.0/24;194.58.34.0-194.58.34.255
Reliable Communications s.r.o.;194.58.36.0/22;194.58.36.0-194.58.39.255
Reliable Communications s.r.o.;194.58.40.0/21;194.58.40.0-194.58.47.255
Reliable Communications s.r.o.;194.58.56.0/22;194.58.56.0-194.58.59.255
Reliable Communications s.r.o.;194.58.60.0/23;194.58.60.0-194.58.61.255
Reliable Communications s.r.o.;194.58.66.0/23;194.58.66.0-194.58.67.255
Reliable Communications s.r.o.;194.58.68.0/22;194.58.68.0-194.58.71.255
Reliable Communications s.r.o.;194.58.82.0/23;194.58.82.0-194.58.83.255
Reliable Communications s.r.o.;194.58.154.0/23;194.58.154.0-194.58.155.255
Reliable Communications s.r.o.;194.58.222.0/23;194.58.222.0-194.58.223.255
Reliable Communications s.r.o.;194.58.241.0/24;194.58.241.0-194.58.241.255
Reliable Communications s.r.o.;194.58.246.0/24;194.58.246.0-194.58.246.255
Reliable Communications s.r.o.;194.85.248.0/22;194.85.248.0-194.85.251.255
Reliable Communications s.r.o.;194.87.0.0/17;194.87.0.0-194.87.127.255
Reliable Communications s.r.o.;194.87.128.0/17;194.87.128.0-194.87.255.255
Reliable Communications s.r.o.;194.135.1.0/24;194.135.1.0-194.135.1.255
Reliable Communications s.r.o.;194.135.2.0/24;194.135.2.0-194.135.2.255
Reliable Communications s.r.o.;194.135.16.0/23;194.135.16.0-194.135.17.255
Reliable Communications s.r.o.;194.135.18.0/24;194.135.18.0-194.135.18.255
Reliable Communications s.r.o.;194.135.20.0/24;194.135.20.0-194.135.20.255
Reliable Communications s.r.o.;194.135.22.0/23;194.135.22.0-194.135.23.255
Reliable Communications s.r.o.;194.135.24.0/23;194.135.24.0-194.135.25.255
Reliable Communications s.r.o.;194.135.30.0/24;194.135.30.0-194.135.30.255
Reliable Communications s.r.o.;194.135.32.0/21;194.135.32.0-194.135.39.255
Reliable Communications s.r.o.;194.135.44.0/23;194.135.44.0-194.135.45.255
Reliable Communications s.r.o.;194.135.46.0/24;194.135.46.0-194.135.46.255
Reliable Communications s.r.o.;194.135.104.0/23;194.135.104.0-194.135.105.255
Reliable Communications s.r.o.;194.135.119.0/24;194.135.119.0-194.135.119.255
Reliable Communications s.r.o.;194.135.124.0/24;194.135.124.0-194.135.124.255
Reliable Communications s.r.o.;195.133.0.0/18;195.133.0.0-195.133.63.255
Reliable Communications s.r.o.;195.133.64.0/19;195.133.64.0-195.133.95.255
Reliable Communications s.r.o.;195.133.144.0/22;195.133.144.0-195.133.147.255
Reliable Communications s.r.o.;195.133.192.0/21;195.133.192.0-195.133.199.255
Reliable Communications s.r.o.;195.133.200.0/23;195.133.200.0-195.133.201.255
Reliable Communications s.r.o.;62.76.224.0/20;62.76.224.0-62.76.239.255
Reliable Communications s.r.o.;195.58.32.0/19;195.58.32.0-195.58.63.255
Reliable Communications s.r.o.;212.192.0.0/19;212.192.0.0-212.192.31.255
Reliable Communications s.r.o.;212.192.208.0/20;212.192.208.0-212.192.223.255
Reliable Communications s.r.o.;212.192.240.0/20;212.192.240.0-212.192.255.255
Reliable Communications s.r.o.;212.193.0.0/19;212.193.0.0-212.193.31.255
Reliable Communications s.r.o.;185.72.8.0/22;185.72.8.0-185.72.11.255
Reliable Communications s.r.o.;193.108.112.0/22;193.108.112.0-193.108.115.255
Reliable Communications s.r.o.;212.52.7.0/24;212.52.7.0-212.52.7.255
Reliable Communications s.r.o.;146.19.122.0/24;146.19.122.0-146.19.122.255
Reliable Communications s.r.o.;95.215.8.0/24;95.215.8.0-95.215.8.255
RETE internet, s.r.o.;78.156.32.0/19;78.156.32.0-78.156.63.255
Jan Ryznar;185.133.188.0/22;185.133.188.0-185.133.191.255
Reditelstvi silnic a dalnic CR;185.240.220.0/22;185.240.220.0-185.240.223.255
Ladislav Rudolf;185.138.68.0/22;185.138.68.0-185.138.71.255
innogy Ceska republika a.s;89.250.104.0/21;89.250.104.0-89.250.111.255
Rychly drat, s.r.o.;185.159.28.0/22;185.159.28.0-185.159.31.255
STUDENT AGENCY k.s.;185.94.52.0/22;185.94.52.0-185.94.55.255
SafeDX s.r.o.;185.173.148.0/22;185.173.148.0-185.173.151.255
Radovan Ochvat trading as SAO Computers;31.222.0.0/20;31.222.0.0-31.222.15.255
Radovan Ochvat trading as SAO Computers;185.150.212.0/22;185.150.212.0-185.150.215.255
Cable-NET s.r.o.;176.222.224.0/21;176.222.224.0-176.222.231.255
SATT a.s.;31.31.224.0/19;31.31.224.0-31.31.255.255
SATT a.s.;91.224.64.0/23;91.224.64.0-91.224.65.255
SATT a.s.;91.224.100.0/23;91.224.100.0-91.224.101.255
Sauron CZ s.r.o.;176.12.112.0/20;176.12.112.0-176.12.127.255
Sberbank CZ, a.s.;185.45.124.0/22;185.45.124.0-185.45.127.255
Scancom s.r.o.;193.203.104.0/24;193.203.104.0-193.203.104.255
Scarfbot Technologies, s.r.o.;185.132.112.0/22;185.132.112.0-185.132.115.255
SecurityNet.cz s.r.o.;176.102.64.0/22;176.102.64.0-176.102.67.255
SELECT SYSTEM, s.r.o.;188.116.64.0/18;188.116.64.0-188.116.127.255
Seonet Multimedia s.r.o.;185.66.36.0/22;185.66.36.0-185.66.39.255
ServerZone s.r.o.;185.216.220.0/22;185.216.220.0-185.216.223.255
Seznam.cz, a.s.;77.75.72.0/21;77.75.72.0-77.75.79.255
Seznam.cz, a.s.;185.66.188.0/22;185.66.188.0-185.66.191.255
Seznam.cz datova centra, s.r.o.;185.101.220.0/22;185.101.220.0-185.101.223.255
SferiaNET.cz s.r.o.;185.147.44.0/22;185.147.44.0-185.147.47.255
SferiaNET.cz s.r.o.;185.243.124.0/22;185.243.124.0-185.243.127.255
SYNOT ICT Services, a.s.;78.24.232.0/21;78.24.232.0-78.24.239.255
SilesNet s.r.o.;78.157.160.0/19;78.157.160.0-78.157.191.255
Simpleway Holding a.s.;185.13.87.0/24;185.13.87.0-185.13.87.255
SITEL spol. s r.o.;89.250.240.0/20;89.250.240.0-89.250.255.255
SITEL spol. s r.o.;185.162.200.0/22;185.162.200.0-185.162.203.255
SitePark s.r.o.;185.194.68.0/22;185.194.68.0-185.194.71.255
SITKOM spol. s r.o.;109.164.0.0/17;109.164.0.0-109.164.127.255
SITKOM spol. s r.o.;185.131.60.0/22;185.131.60.0-185.131.63.255
Sprava informacnich technologii mesta Plzne, p.o.;185.153.192.0/22;185.153.192.0-185.153.195.255
SKODA ICT s.r.o.;185.50.124.0/22;185.50.124.0-185.50.127.255
ServerNow s.r.o.;185.85.164.0/22;185.85.164.0-185.85.167.255
SOFTEX NCP, s.r.o.;213.129.128.0/19;213.129.128.0-213.129.159.255
SOFTEX NCP, s.r.o.;95.129.240.0/21;95.129.240.0-95.129.247.255
SOFTEX NCP, s.r.o.;45.85.172.0/22;45.85.172.0-45.85.175.255
SouthPrague.Net, z.s.;185.87.61.0/24;185.87.61.0-185.87.61.255
SPC-net s.r.o.;194.93.12.0/22;194.93.12.0-194.93.15.255
SPCom s.r.o.;185.250.172.0/22;185.250.172.0-185.250.175.255
Statni pokladna Centrum sdilenych sluzeb, s.p.;5.145.104.0/21;5.145.104.0-5.145.111.255
Speednet, s.r.o.;188.92.8.0/21;188.92.8.0-188.92.15.255
Speednet, s.r.o.;46.30.144.0/21;46.30.144.0-46.30.151.255
Speednet, s.r.o.;185.44.188.0/22;185.44.188.0-185.44.191.255
Splynx s.r.o.;37.77.149.0/24;37.77.149.0-37.77.149.255
Splynx s.r.o.;91.237.87.0/24;91.237.87.0-91.237.87.255
Splynx s.r.o.;88.151.9.0/24;88.151.9.0-88.151.9.255
Splynx s.r.o.;130.193.0.0/24;130.193.0.0-130.193.0.255
Splynx s.r.o.;194.69.166.0/24;194.69.166.0-194.69.166.255
Splynx s.r.o.;79.110.225.0/24;79.110.225.0-79.110.225.255
Splynx s.r.o.;194.26.226.0/24;194.26.226.0-194.26.226.255
Splynx s.r.o.;213.109.194.0/24;213.109.194.0-213.109.194.255
Splynx s.r.o.;62.106.79.0/24;62.106.79.0-62.106.79.255
Splynx s.r.o.;176.97.196.0/24;176.97.196.0-176.97.196.255
Splynx s.r.o.;45.14.16.0/22;45.14.16.0-45.14.19.255
Splynx s.r.o.;194.26.196.0/24;194.26.196.0-194.26.196.255
Splynx s.r.o.;62.3.49.0/24;62.3.49.0-62.3.49.255
Splynx s.r.o.;146.19.173.0/24;146.19.173.0-146.19.173.255
Splynx s.r.o.;45.132.2.0/24;45.132.2.0-45.132.2.255
Splynx s.r.o.;62.68.94.0/24;62.68.94.0-62.68.94.255
Splynx s.r.o.;80.91.220.0/24;80.91.220.0-80.91.220.255
Splynx s.r.o.;212.46.62.0/24;212.46.62.0-212.46.62.255
Splynx s.r.o.;45.156.112.0/22;45.156.112.0-45.156.115.255
Splynx s.r.o.;45.138.220.0/22;45.138.220.0-45.138.223.255
Splynx s.r.o.;185.14.98.0/24;185.14.98.0-185.14.98.255
Splynx s.r.o.;185.104.188.0/24;185.104.188.0-185.104.188.255
Splynx s.r.o.;185.182.106.0/24;185.182.106.0-185.182.106.255
Splynx s.r.o.;194.26.19.0/24;194.26.19.0-194.26.19.255
Splynx s.r.o.;194.150.77.0/24;194.150.77.0-194.150.77.255
Spolek Krivonet;185.159.92.0/22;185.159.92.0-185.159.95.255
STARNET, s.r.o.;89.31.40.0/21;89.31.40.0-89.31.47.255
STARNET, s.r.o.;92.62.224.0/20;92.62.224.0-92.62.239.255
STARNET, s.r.o.;178.255.168.0/21;178.255.168.0-178.255.175.255
STARNET, s.r.o.;185.15.144.0/22;185.15.144.0-185.15.147.255
STARNET, s.r.o.;185.173.248.0/22;185.173.248.0-185.173.251.255
STARNET, s.r.o.;45.92.236.0/22;45.92.236.0-45.92.239.255
STEN.cz s.r.o.;185.97.24.0/22;185.97.24.0-185.97.27.255
Stepan Pokorny;185.203.156.0/22;185.203.156.0-185.203.159.255
Stepgrade s.r.o.;109.107.158.0/24;109.107.158.0-109.107.158.255
Stream-iT, s.r.o.;185.164.68.0/22;185.164.68.0-185.164.71.255
Sokolovska uhelna, pravni nastupce, a.s.;5.1.56.0/21;5.1.56.0-5.1.63.255
Sokolovska uhelna, pravni nastupce, a.s.;92.119.116.0/22;92.119.116.0-92.119.119.255
State Institute for Drug Control;46.30.88.0/21;46.30.88.0-46.30.95.255
State Institute for Drug Control;185.187.140.0/22;185.187.140.0-185.187.143.255
SH.cz s.r.o.;88.86.96.0/19;88.86.96.0-88.86.127.255
SH.cz s.r.o.;95.168.192.0/19;95.168.192.0-95.168.223.255
SH.cz s.r.o.;46.234.96.0/19;46.234.96.0-46.234.127.255
SH.cz s.r.o.;37.235.96.0/20;37.235.96.0-37.235.111.255
SUPRO, spol. s r.o.;94.125.216.0/21;94.125.216.0-94.125.223.255
SUPRO, spol. s r.o.;31.177.24.0/21;31.177.24.0-31.177.31.255
SychrovNET s.r.o;93.89.96.0/20;93.89.96.0-93.89.111.255
SychrovNET s.r.o;188.246.96.0/19;188.246.96.0-188.246.127.255
SychrovNET s.r.o;185.152.100.0/22;185.152.100.0-185.152.103.255
Sys-DataCom s.r.o.;79.98.72.0/21;79.98.72.0-79.98.79.255
Sys-DataCom s.r.o.;185.4.200.0/22;185.4.200.0-185.4.203.255
systea s.r.o.;185.242.156.0/22;185.242.156.0-185.242.159.255
TaNET Borsko s.r.o.;185.201.12.0/22;185.201.12.0-185.201.15.255
Technologicke centrum Pisek s.r.o.;185.22.96.0/22;185.22.96.0-185.22.99.255
TechCenter s.r.o.;185.186.252.0/22;185.186.252.0-185.186.255.255
TechCom s.r.o.;109.231.128.0/18;109.231.128.0-109.231.191.255
TechCom s.r.o.;185.83.56.0/22;185.83.56.0-185.83.59.255
TechKeeper s.r.o.;152.89.72.0/22;152.89.72.0-152.89.75.255
Teleconnect CZ s.r.o.;185.108.126.0/24;185.108.126.0-185.108.126.255
Telefonzentrale s.r.o.;185.220.220.0/22;185.220.220.0-185.220.223.255
Telefonzentrale s.r.o.;45.82.152.0/22;45.82.152.0-45.82.155.255
CESNET z.s.p.o.;195.178.64.0/19;195.178.64.0-195.178.95.255
CESNET z.s.p.o.;195.113.0.0/16;195.113.0.0-195.113.255.255
CESNET z.s.p.o.;78.128.128.0/17;78.128.128.0-78.128.255.255
CESNET z.s.p.o.;185.8.160.0/22;185.8.160.0-185.8.163.255
TERMS a.s.;185.18.28.0/22;185.18.28.0-185.18.31.255
TETA s.r.o.;109.202.64.0/19;109.202.64.0-109.202.95.255
TETA s.r.o.;159.253.232.0/21;159.253.232.0-159.253.239.255
TETA s.r.o.;185.116.76.0/22;185.116.76.0-185.116.79.255
TFnet s.r.o.;94.127.128.0/21;94.127.128.0-94.127.135.255
TFnet s.r.o.;178.21.184.0/21;178.21.184.0-178.21.191.255
TFnet s.r.o.;185.135.4.0/22;185.135.4.0-185.135.7.255
THINKSMART s.r.o.;185.201.232.0/22;185.201.232.0-185.201.235.255
TKC system s.r.o.;185.252.88.0/22;185.252.88.0-185.252.91.255
TKR Jasek, s.r.o.;213.194.212.0/22;213.194.212.0-213.194.215.255
TKR Jasek, s.r.o.;213.194.216.0/21;213.194.216.0-213.194.223.255
TKR Jasek, s.r.o.;213.194.224.0/19;213.194.224.0-213.194.255.255
TKR Jasek, s.r.o.;185.163.180.0/22;185.163.180.0-185.163.183.255
TKR Jasek, s.r.o.;45.130.248.0/22;45.130.248.0-45.130.251.255
Tlap s.r.o.;185.178.172.0/22;185.178.172.0-185.178.175.255
TNtech, s.r.o.;185.7.20.0/22;185.7.20.0-185.7.23.255
Tomas Podermanski;193.36.179.0/24;193.36.179.0-193.36.179.255
Tomas Podermanski;193.36.185.0/24;193.36.185.0-193.36.185.255
Tomas Podermanski;193.36.187.0/24;193.36.187.0-193.36.187.255
Tomas Podermanski;193.36.227.0/24;193.36.227.0-193.36.227.255
TRIOPTIMUM s.r.o.;217.168.208.0/20;217.168.208.0-217.168.223.255
TRIOPTIMUM s.r.o.;46.30.232.0/21;46.30.232.0-46.30.239.255
TRIOPTIMUM s.r.o.;185.22.124.0/22;185.22.124.0-185.22.127.255
Trustica s.r.o.;91.146.120.0/21;91.146.120.0-91.146.127.255
Technicke site Brno, akciova spolecnost;192.145.104.0/22;192.145.104.0-192.145.107.255
TTC TELEKOMUNIKACE s.r.o.;46.226.16.0/21;46.226.16.0-46.226.23.255
TTNET s.r.o.;62.204.224.0/19;62.204.224.0-62.204.255.255
TTNET s.r.o.;87.249.140.0/22;87.249.140.0-87.249.143.255
TTNET s.r.o.;87.249.144.0/20;87.249.144.0-87.249.159.255
UC one s.r.o.;193.162.29.0/24;193.162.29.0-193.162.29.255
Ultimum Technologies a.s.;185.21.196.0/22;185.21.196.0-185.21.199.255
United Networks SE;46.23.48.0/20;46.23.48.0-46.23.63.255
United Networks SE;5.152.132.0/22;5.152.132.0-5.152.135.255
United Networks SE;185.17.100.0/22;185.17.100.0-185.17.103.255
United Networks SE;185.68.164.0/22;185.68.164.0-185.68.167.255
United Networks SE;185.70.216.0/22;185.70.216.0-185.70.219.255
United Networks SE;185.71.232.0/22;185.71.232.0-185.71.235.255
United Networks SE;185.74.62.0/23;185.74.62.0-185.74.63.255
United Networks SE;45.139.88.0/22;45.139.88.0-45.139.91.255
UnArtel s.r.o.;185.69.68.0/22;185.69.68.0-185.69.71.255
UNHfree.net z.s.;185.51.248.0/22;185.51.248.0-185.51.251.255
UNHfree.net z.s.;185.84.152.0/22;185.84.152.0-185.84.155.255
Spinoco Czech Republic, a.s.;217.169.176.0/20;217.169.176.0-217.169.191.255
Spinoco Czech Republic, a.s.;31.186.184.0/21;31.186.184.0-31.186.191.255
Verizon Czech s.r.o.;62.40.64.0/19;62.40.64.0-62.40.95.255
Verizon Czech s.r.o.;81.28.16.0/20;81.28.16.0-81.28.31.255
UVT Internet s.r.o.;178.17.0.0/20;178.17.0.0-178.17.15.255
UVT Internet s.r.o.;185.63.96.0/22;185.63.96.0-185.63.99.255
UVT Internet s.r.o.;78.24.96.0/22;78.24.96.0-78.24.99.255
UVT Internet s.r.o.;5.181.92.0/22;5.181.92.0-5.181.95.255
UVT Internet s.r.o.;45.85.252.0/22;45.85.252.0-45.85.255.255
UVT Internet s.r.o.;45.91.28.0/22;45.91.28.0-45.91.31.255
Valvera s.r.o.;185.59.0.0/22;185.59.0.0-185.59.3.255
Vase media, s.r.o.;185.250.232.0/22;185.250.232.0-185.250.235.255
VEJNET.CZ s.r.o.;185.151.252.0/22;185.151.252.0-185.151.255.255
MBC Czech Republic s.r.o.;194.53.128.0/23;194.53.128.0-194.53.129.255
MBC Czech Republic s.r.o.;194.53.214.0/23;194.53.214.0-194.53.215.255
Ladislav Kepl;176.118.168.0/23;176.118.168.0-176.118.169.255
Virtis s.r.o.;185.9.116.0/22;185.9.116.0-185.9.119.255
CNI Group s.r.o.;185.183.72.0/22;185.183.72.0-185.183.75.255
CNI Group s.r.o.;194.63.152.0/22;194.63.152.0-194.63.155.255
CNI Group s.r.o.;45.158.224.0/22;45.158.224.0-45.158.227.255
Vissado s.r.o.;91.230.247.0/24;91.230.247.0-91.230.247.255
Vissado s.r.o.;91.231.188.0/22;91.231.188.0-91.231.191.255
Vissado s.r.o.;45.140.24.0/22;45.140.24.0-45.140.27.255
Vissado s.r.o.;45.140.40.0/22;45.140.40.0-45.140.43.255
Vissado s.r.o.;45.145.220.0/22;45.145.220.0-45.145.223.255
Allstar Net s.r.o.;91.103.160.0/21;91.103.160.0-91.103.167.255
Allstar Net s.r.o.;94.124.104.0/21;94.124.104.0-94.124.111.255
Allstar Net s.r.o.;185.160.20.0/22;185.160.20.0-185.160.23.255
VITALATIV, s.r.o.;109.232.144.0/21;109.232.144.0-109.232.151.255
VITKOVICE IT SOLUTIONS a.s.;176.67.224.0/21;176.67.224.0-176.67.231.255
VITKOVICE IT SOLUTIONS a.s.;185.10.236.0/22;185.10.236.0-185.10.239.255
VIVO CONNECTION spol. s r.o.;185.219.164.0/22;185.219.164.0-185.219.167.255
Vlasimnet s.r.o.;185.75.136.0/22;185.75.136.0-185.75.139.255
Vlasimnet s.r.o.;185.203.44.0/22;185.203.44.0-185.203.47.255
Kryptotezba.cz s.r.o.;45.81.96.0/22;45.81.96.0-45.81.99.255
vpsFree.cz, z.s.;37.205.8.0/21;37.205.8.0-37.205.15.255
vpsFree.cz, z.s.;185.8.164.0/22;185.8.164.0-185.8.167.255
vpsFree.cz, z.s.;45.142.48.0/22;45.142.48.0-45.142.51.255
Vratislav Kriz;185.246.148.0/22;185.246.148.0-185.246.151.255
VSHosting s.r.o.;78.24.8.0/21;78.24.8.0-78.24.15.255
VSHosting s.r.o.;93.185.96.0/20;93.185.96.0-93.185.111.255
VSHosting s.r.o.;217.16.176.0/20;217.16.176.0-217.16.191.255
VSHosting s.r.o.;178.251.184.0/21;178.251.184.0-178.251.191.255
VSHosting s.r.o.;46.243.48.0/21;46.243.48.0-46.243.55.255
VSHosting s.r.o.;185.14.252.0/22;185.14.252.0-185.14.255.255
VSHosting s.r.o.;185.59.208.0/22;185.59.208.0-185.59.211.255
VSHosting s.r.o.;185.64.216.0/22;185.64.216.0-185.64.219.255
VSHosting s.r.o.;185.115.0.0/22;185.115.0.0-185.115.3.255
Brno University of Technology;147.229.0.0/16;147.229.0.0-147.229.255.255
Brno University of Technology;185.62.108.0/22;185.62.108.0-185.62.111.255
Vybezek.NET s.r.o.;193.34.236.0/22;193.34.236.0-193.34.239.255
W.A.G. PAYMENT SOLUTIONS, A.S.;45.8.40.0/22;45.8.40.0-45.8.43.255
Warnet.cz s.r.o.;93.187.104.0/21;93.187.104.0-93.187.111.255
Warnet.cz s.r.o.;185.115.72.0/22;185.115.72.0-185.115.75.255
Web4ce, s.r.o.;93.190.48.0/21;93.190.48.0-93.190.55.255
Web4ce, s.r.o.;185.7.24.0/22;185.7.24.0-185.7.27.255
Web4Soft Internet s.r.o.;185.67.188.0/22;185.67.188.0-185.67.191.255
Web4Soft Internet s.r.o.;185.151.168.0/22;185.151.168.0-185.151.171.255
Web4U s.r.o.;81.91.80.0/20;81.91.80.0-81.91.95.255
Web4U s.r.o.;185.14.224.0/22;185.14.224.0-185.14.227.255
WEDOS Internet, a.s.;89.221.208.0/20;89.221.208.0-89.221.223.255
WEDOS Internet, a.s.;46.28.104.0/21;46.28.104.0-46.28.111.255
WEDOS Internet, a.s.;31.31.72.0/21;31.31.72.0-31.31.79.255
WEDOS Internet, a.s.;37.157.192.0/21;37.157.192.0-37.157.199.255
WEDOS Internet, a.s.;185.8.236.0/22;185.8.236.0-185.8.239.255
WEDOS Internet, a.s.;45.138.104.0/22;45.138.104.0-45.138.107.255
Whalebone, s.r.o.;193.32.92.0/24;193.32.92.0-193.32.92.255
WIA spol. s.r.o.;80.250.0.0/20;80.250.0.0-80.250.15.255
WIA spol. s.r.o.;80.250.16.0/20;80.250.16.0-80.250.31.255
WIA spol. s.r.o.;31.7.240.0/21;31.7.240.0-31.7.247.255
WIA spol. s.r.o.;185.33.136.0/22;185.33.136.0-185.33.139.255
Wic-Net, s.r.o.;37.77.224.0/19;37.77.224.0-37.77.255.255
Windyghoul s.r.o.;185.215.20.0/22;185.215.20.0-185.215.23.255
WMS s.r.o.;77.237.128.0/19;77.237.128.0-77.237.159.255
IT & WP HOST s.r.o.;185.247.28.0/22;185.247.28.0-185.247.31.255
ZELENA DATA CZ s.r.o.;185.146.4.0/22;185.146.4.0-185.146.7.255
Zentiva Group, a.s;79.171.184.0/21;79.171.184.0-79.171.191.255
Pavel Zizka;185.126.196.0/22;185.126.196.0-185.126.199.255
Pavel Zizka;185.186.36.0/22;185.186.36.0-185.186.39.255
ZONER software, a.s;217.198.112.0/20;217.198.112.0-217.198.127.255
ZONER software, a.s;37.46.208.0/21;37.46.208.0-37.46.215.255
ZONER software, a.s;81.22.236.0/22;81.22.236.0-81.22.239.255
